,Hotel Image,Hotel Name,Tipe Properti,City,Address,Hotel Rating,Min,Max,Lattitute,Longitude
627,https://s-light.tiket.photos/t/01E25EBZS3W0FY9GTG6C42E1SE/t_htl-dskt/tix-hotel/images-web/2020/11/01/e7402d9e-187f-4c0e-837c-d76f0174b865-1604174487628-689c96f4712171d94f807eedb6789187.jpg,Sacca Residence & Resto,Hotel,Pandawai Sumba Timur,Jl. S. Parman No.88. Tandarotu. Prailiu. Kota Waingapu. Kabupaten Sumba Timur. Nusa Tenggara Tim. 87113,3.7,212100,259466,-9.6637027,120.271478
628,https://s-light.tiket.photos/t/01E25EBZS3W0FY9GTG6C42E1SE/t_htl-dskt/tix-hotel/images-web/2022/06/25/e6c2d00b-427f-4603-9f78-4633936c2b5c-1656172525274-708ceeb1c19bf7e72885563dc8f82ae5.jpg,LOPE Homestay,Guest House,Waingapu Sumba Timur,Jl. Pulau Flores - Kambajawa - Waingapu - Sumba Timur,Belum ada rating,350000,350000,-9.667428,120.243919
629,https://s-light.tiket.photos/t/01E25EBZS3W0FY9GTG6C42E1SE/t_htl-dskt/tix-hotel/images-web/2022/04/11/949ccc6f-07db-4d59-ab59-87279dabbb91-1649655327799-f43bebef13f9a37df1b30e438ac24e82.jpg,RedDoorz @ Waikabubak Sumba,Hotel,Kota Waikabubak Sumba Barat,Jl. Ahmad Yani No.101. Wailiang. Kec. Kota Waikabubak. Kabupaten Sumba Barat. Nusa Tenggara Tim.. Indonesia,4.2,341223,428838,-9.636693,119.408415
630,https://s-light.tiket.photos/t/01E25EBZS3W0FY9GTG6C42E1SE/t_htl-dskt/tix-hotel/images-web/2022/03/21/97fe0329-aec4-495e-b4cd-11ddf1275748-1647834929969-e43784a7c8c4fa6d635c1bf1dd090e30.jpg,Shekinah Homestay & Cafe RedPartner,Hotel,Kota Waikabubak Sumba Barat,Gg. Teratai No.2. RT.11/RW.06. Kp. Sawah. Kec. Kota Waikabubak. Kabupaten Sumba Barat. Nusa Tenggara Tim. 84213. Indonesia,Belum ada rating,278460,278460,-9.635998,119.420231
631,https://s-light.tiket.photos/t/01E25EBZS3W0FY9GTG6C42E1SE/t_htl-dskt/tix-hotel/images-web/2021/03/12/ad196948-a618-4d87-91af-6b47bf54c86c-1615556123177-881d7496ba778dd2b2656ff9a1111526.jpg,Hotel Pasola,Hotel,Tambolaka Sumba Barat Daya,Jalan Soeharto. Radamata. Loura. Tambolaka. Sumba Barat Daya. Nusa Tenggara Timur,4.0,270000,325000,-9.412886,119.244397
632,https://s-light.tiket.photos/t/01E25EBZS3W0FY9GTG6C42E1SE/t_htl-dskt/tix-hotel/images-web/2021/03/12/ca748285-1e24-4042-adfa-ea754170552c-1615558990498-afc3c85101f37e50011c1a66cb3e1b1d.jpg,OYO 1682 Greenia Hotel,Hotel,Kupang Utara Kupang,Jl Hati Mulia V. RT 06A RW 002. Oebobo. Kota Kupang. Nusa Tenggara Tim. Kupang,3.6,72179,158289,-10.168242,123.600962
633,https://s-light.tiket.photos/t/01E25EBZS3W0FY9GTG6C42E1SE/t_htl-dskt/tix-hotel/images-web/2020/10/31/91529472-fad5-434b-adc4-2f39ff264b6f-1604133736718-53f51963f4d568d317f48d646b4b571a.jpg,OYO 967 Cajoma Guesthouse,Hotel,Komodo Manggarai Barat,Jl Pantai Pede Km 4. Gorontalo. Labuan Bajo. East Nusa Tenggara. Kabupaten Manggarai Barat,3.7,176665,517170,-8.521097,119.873289
634,https://s-light.tiket.photos/t/01E25EBZS3W0FY9GTG6C42E1SE/t_htl-dskt/tix-hotel/images-web/2022/08/09/3d31fad5-5fc8-4617-9ce6-a6267946b27f-1660064123590-ad0bc0f579fe5c61fe536e7af7ebc9b2.jpg,SPOT ON 91212 Hotel Kelimutu,Hotel,Kupang Utara Kupang,85229. Jl. Gn. Kelimutu No.38 RW.04. Merdeka. Kec. Kota Lama. Kota Kupang. Nusa Tenggara Tim. 85225. Indonesia. Kupang,1.2,50792,99000,-10.162735,123.583048
635,https://s-light.tiket.photos/t/01E25EBZS3W0FY9GTG6C42E1SE/t_htl-dskt/tix-hotel/images-web/2020/10/29/5c78734c-204c-4877-af9b-e0a7070f144d-1603925482450-70bbd50dcdc8c946a480e4311df2cbe9.jpg,CF Komodo Hotel,Hotel,Komodo Manggarai Barat,Jl. Alo Tanis. Labuan Bajo. Komodo. Labuan Bajo. Komodo. Kabupaten Manggarai Barat. Nusa Tenggara Tim.. Indonesia,3.2,323121,400001,-8.491549,119.881769
636,https://s-light.tiket.photos/t/01E25EBZS3W0FY9GTG6C42E1SE/t_htl-dskt/tix-hotel/images-web/2021/09/28/082fb6fb-4b00-4354-9acf-c5ac97a01755-1632764924865-694c1ff13c7d9368664dd1bb642a164f.jpg,Sylvia Hotel Budget,Hotel,Kota Raja Kupang,Naikoten I. Raja City. Kupang City. East Nusa Tenggara. Indonesia,3.7,333699,333699,-10.181155,123.600593
637,https://s-light.tiket.photos/t/01E25EBZS3W0FY9GTG6C42E1SE/t_htl-dskt/tix-hotel/images-web/2021/03/12/38bfe361-1714-4521-b657-74a620da2adf-1615554012540-45ca4f37a3d8b232deab55eab655f34f.jpg,Hotel FX 72 Ruteng,Hotel,Ruteng Manggarai,Jalan Karot. Wali. Ruteng. Manggarai Regency. East Nusa Tenggara 86516. Indonesia,3.3,324000,432000,-8.590936,120.46156
638,https://s-light.tiket.photos/t/01E25EBZS3W0FY9GTG6C42E1SE/t_htl-dskt/tix-hotel/images-web/2020/10/31/1820ef96-53eb-427e-a962-5706176d128c-1604154067379-1b4605e1f0558543cf1c7a28de6d8da3.jpg,RedDoorz near H. Hasan Aroeboesman Airport,Hotel,Ndona Ende,Jl Durian Ende. Kabupaten Ende. Nusa Tenggara Tim.. Indonesia,4.0,197929,369750,-8.841448,121.667441
639,https://s-light.tiket.photos/t/01E25EBZS3W0FY9GTG6C42E1SE/t_htl-dskt/tix-hotel/images-web/2020/12/06/95c3d25b-d6ad-4118-97e8-381cf374865f-1607242808365-d49d32d406d6467cc7e140836309faa2.jpg,Dena Hotel,Hotel,Taubneno Timor Tengah Selatan,Jl. Hayam Wuruk No.23. Kota Baru. Kota Soe. Kabupaten Timor Tengah Selatan. Nusa Tenggara Tim.. Indonesia,3.9,232848,427652,-9.858462,124.285695
640,https://s-light.tiket.photos/t/01E25EBZS3W0FY9GTG6C42E1SE/t_htl-dskt/tix-hotel/images-web/2020/10/31/1be9e43f-9367-45fd-b60b-0b9a284290f6-1604136124974-5576c0f7aa8a8377a59ea5e0d1fdb7dd.jpg,RedDoorz near Nusa Cendana University,Guest House,Kupang Tengah Kupang,Jalan Kelapa Gading No.9. RT.036/RW.012. Oesapa. Klp. Lima. Kota Kupang. Nusa Tenggara Tim.,3.5,115824,258318,-10.149904,123.650222
641,https://s-light.tiket.photos/t/01E25EBZS3W0FY9GTG6C42E1SE/t_htl-dskt/tix-hotel/images-web/2020/10/31/764855e1-1742-428c-ba82-b231529d3681-1604154067134-ee3bdfa2d659e419b0dd5a95097f04a4.jpg,RedDoorz @ Gatot Subroto Ende,Hotel,Ndona Ende,Jl. Gatot Subroto. Kel. Mautapaga. Ende Tim.. Kabupaten Ende. Nusa Tenggara Tim.. Indonesia,Belum ada rating,197929,306313,-8.845135,121.670939
642,https://s-light.tiket.photos/t/01E25EBZS3W0FY9GTG6C42E1SE/t_htl-dskt/tix-hotel/images-web/2020/10/31/670a18c3-db83-454b-a5e3-7fc74d0856d3-1604118735099-7fcfb4ad3e7b76b9463c096fea157a37.jpg,Chrysant Hotel and Resort,Hotel,Kupang Tengah Kupang,Jalan Antonov No. 27. Baumata Barat. Taebenu. Baumata Bar.. Kupang. Nusa Tenggara Tim. 85361. Indonesia,2.9,200800,368000,-10.18599,123.666406
643,https://s-light.tiket.photos/t/01E25EBZS3W0FY9GTG6C42E1SE/t_htl-dskt/tix-hotel/images-web/2021/03/12/7163d95f-e96d-44d3-bab5-616fc065a0c5-1615561100314-7fd337a1fa21de7484eeea493e129bb1.jpg,OYO 2965 Silvia Homestay,Hotel,Kupang Tengah Kupang,Jl. Tidar 2 No.2. Oesapa. Klp. Lima. Kupang,3.3,58791,76800,-10.1552,123.641085
644,https://s-light.tiket.photos/t/01E25EBZS3W0FY9GTG6C42E1SE/t_htl-dskt/tix-hotel/images-web/2020/10/29/4e1584ec-affd-47c0-8ad3-fa903eb880ba-1603924858339-9f97d0dd7c736a48a1c8e213791318f5.jpg,Siola Hotel Labuan Bajo,Guest House,Komodo Manggarai Barat,Jl. Soekarno Hatta. Labuan Bajo. Komodo. Kabupaten Manggarai Barat. Nusa Tenggara Tim.. Indonesia,3.4,200000,300000,-8.489123,119.876159
645,https://s-light.tiket.photos/t/01E25EBZS3W0FY9GTG6C42E1SE/t_htl-dskt/tix-hotel/images-web/2021/03/12/e30fbe9b-8618-4ba3-b40b-ba89ff8e80ed-1615541714303-d0d80b82bc75ade7a968df74c8c32e29.jpg,Hotel Mathilda Maumere,Hotel,Maumere Sikka,Jl. Raya Maumere - Magepanda No.28. Kota Uneng. Alok. Kabupaten Sikka. Nusa Tenggara Tim.. Indonesia,3.9,180481,180481,-8.611857,122.208355
646,https://s-light.tiket.photos/t/01E25EBZS3W0FY9GTG6C42E1SE/t_htl-dskt/tix-hotel/images-web/2022/02/03/0802891d-7abc-45bf-85f5-57ba3774e8bf-1643881529427-5bade111d03c811085654f5f06583cd2.jpg,Edhotel Kusuma Atambua RedPartner,Hotel,Tasifeto Timur Belu,Jl. Raibasin No.1. Manleten. Atambua. Kabupaten Belu. Nusa Tenggara Tim. 85711. Indonesia,2.1,235971,514710,-9.118603,124.928708
647,https://s-light.tiket.photos/t/01E25EBZS3W0FY9GTG6C42E1SE/t_htl-dskt/tix-hotel/images-web/2022/07/27/12401760-6865-40bf-be08-428e76fcd31c-1658863524935-ff789595527a5c8c7ebcfd7d3790c1e7.jpg,SPOT ON 3605 Clarichie Guest House,Hotel,Kupang Tengah Kupang,Jalan Antarnusa no. 1. Penfui. Kec. Oebobo. Kupang,3.5,50109,90440,-10.163288,123.652187
648,https://s-light.tiket.photos/t/01E25EBZS3W0FY9GTG6C42E1SE/t_htl-dskt/tix-hotel/images-web/2021/12/05/e82dd027-64d9-4f69-9c99-32d18d7692c2-1638694855068-4936dd0d843cc6af680d47be9d9f06c6.jpg,Waecicu Beach Inn,Resort,Komodo Manggarai Barat,Waecicu Beach. Labuan Bajo,2.9,218405,240000,-8.463988304138184,119.87229919433594
649,https://s-light.tiket.photos/t/01E25EBZS3W0FY9GTG6C42E1SE/t_htl-dskt/tix-hotel/images-web/2021/03/12/593e08fb-00a3-4765-9245-7438f3650614-1615560254777-1c95ad8f0fda491cb3db44049213e9a6.jpg,SPOT ON 2518 Wilma Hotel Ii Premier,Hotel,Kupang Tengah Kupang,Jl. San Juan 5. RT 011 RW 003. Penfui Tim.. Kupang Tengah. Kupang,3.5,150332,150332,-10.162491,123.673329
650,https://www.tiket.com//hotel/v3/assets/f529139b.svg,Golo Tango Home Stay,Hotel,Komodo Manggarai Barat,Gang Tiga Dara. Bandara Komodo Kompleks Lamtoro. RT 016/RW 004,4.8,300000,300000,-8.491180419921875,119.88558959960938
651,https://s-light.tiket.photos/t/01E25EBZS3W0FY9GTG6C42E1SE/t_htl-dskt/tix-hotel/images-web/2021/02/19/8a1bfb65-9d1f-4c08-803a-4d5f354cfcbb-1613721308331-56b7e5208dbac072ab7b171664759637.jpg,Hotel FX72 Maumere Beach Resort,Hotel,Maumere Sikka,Jl. Raya Maumere - Magepanda. Wailiti. Alok Bar.. Kabupaten Sikka. Nusa Tenggara Tim.. Indonesia,3.2,150000,290000,-8.590637,122.184726
652,https://s-light.tiket.photos/t/01E25EBZS3W0FY9GTG6C42E1SE/t_htl-dskt/tix-hotel/images-web/2021/03/12/ea3c74e2-5b74-476f-89c3-43857b602884-1615543260257-02edf0c6b6202ecb1879beffa0f05e4a.jpg,SPOT ON 2063 Bethania Residence,Hotel,Kupang Utara Kupang,Jl. Nangka. RT 029 RW 010. Kel. Oebobo. Kupang,1.8,51118,84576,-10.161476,123.59988
653,https://s-light.tiket.photos/t/01E25EBZS3W0FY9GTG6C42E1SE/t_htl-dskt/tix-hotel/images-web/2021/03/12/ffd07f09-04cf-4925-9f69-2a8b8a38896a-1615548352889-3fdc36dc83002f023e6ca729a151a9b3.jpg,RedDoorz Plus @ Hotel Pantai Timor,Hotel,Kota Lama Kupang,Jl. Sumatera No.44. Todekisar. Kec. Kota Lama. Kota Kupang. Nusa Tenggara Tim. 85112,3.9,333333,368550,-10.156284,123.58608
654,https://s-light.tiket.photos/t/01E25EBZS3W0FY9GTG6C42E1SE/t_htl-dskt/tix-hotel/images-web/2021/03/12/5a5342f6-6276-453e-985a-47dac06bc440-1615554860398-e719a2ebbd24da9f7c74b276f6adeb68.jpg,Evergreen Homestay Kupang,Guest House,Kota Raja Kupang,Jl. Sapta Marga I. Kuanino. Kec. Kota Raja. Kota Kupang. Nusa Tenggara Tim.. Indonesia,3.5,228000,251750,-10.172989,123.592653
655,https://s-light.tiket.photos/t/01E25EBZS3W0FY9GTG6C42E1SE/t_htl-dskt/tix-hotel/images-web/2020/10/29/5923b1df-ab4b-4641-bb41-08cb69ea5320-1603929553041-e1ecb66d6583483f670f91893bc749a0.jpg,Satria Homestay Kupang,Guest House,Kupang Tengah Kupang,Jl. Libra No.4. Liliba. Oebobo. Kota Kupang. Nusa Tenggara Tim.. Indonesia,3.9,191173,293138,-10.163546,123.6561
656,https://s-light.tiket.photos/t/01E25EBZS3W0FY9GTG6C42E1SE/t_htl-dskt/tix-hotel/images-web/2020/10/29/c10d563d-fe21-4234-84b6-469118edd5c7-1603925132806-82061ffac3b5fdaefca4d8cf64ed858e.jpg,Savannese Guest House,Guest House,Kupang Tengah Kupang,Jln. Srikandi No.26. Klp. Lima. Kota Kupang. Nusa Tenggara Tim. 85228. Indonesia,4.4,199500,199500,-10.152282,123.626314
657,https://s-light.tiket.photos/t/01E25EBZS3W0FY9GTG6C42E1SE/t_htl-dskt/tix-hotel/images-web/2020/10/31/58f449dc-ac14-455e-8292-c6a512df92e5-1604148585726-5d2fe9bf6677f65e6db74596ab069950.jpg,RedDoorz @ Frans Seda Kupang,Hotel,Kupang Tengah Kupang,Jl. Pendidikan III No.4. RW.007. Klp. Lima. Kota Kupang. Nusa Tenggara Tim. 85228. Indonesia,3.0,94642,619278,-10.152842,123.625336
658,https://s-light.tiket.photos/t/01E25EBZS3W0FY9GTG6C42E1SE/t_htl-dskt/tix-hotel/images-web/2020/10/15/ee5ed02f-4da6-4502-b34a-98c2e997dc69-1602732663735-34abd3451c2c2238568dd09e3386c5a7.jpg,Dasi Guest House,Guest House,Ndona Ende,Jalan Durian Atas No. 2 Depan RRI. Kel. Mautapaga. Kec. Ende. Kabupaten Ende. Nusa Tenggara Tim. 86300. Indonesia,3.0,234000,260001,-8.838068,121.66786
659,https://s-light.tiket.photos/t/01E25EBZS3W0FY9GTG6C42E1SE/t_htl-dskt/tix-hotel/images-web/2020/10/31/e4a2928c-3b75-4c72-be04-15041f6e11a9-1604138523810-92d12aac16ed12e652c058d56e1b9df7.jpg,BIB and LANG Guest House,Hotel,Kota Lama Kupang,Jl. Kakatua No. 21. Bonipoi. Kupang. Nusa Tenggara Timur,Belum ada rating,297000,387000,-10.162133,123.580658
660,https://s-light.tiket.photos/t/01E25EBZS3W0FY9GTG6C42E1SE/t_htl-dskt/tix-hotel/images-web/2020/11/01/bea516c3-9528-4344-a357-5e9290398e17-1604179298723-c01f28727c08ca2411b6a709db8194f8.jpg,Hotel Yotowawa,Hotel,Kupang Tengah Kupang,Jalan Farmasi No 10 Oesapa Selatan. Kelapa Lima. Kupang. Nusa Tenggara Timur. Indonesia,2.4,100000,125000,-10.1629,123.655693
661,https://s-light.tiket.photos/t/01E25EBZS3W0FY9GTG6C42E1SE/t_htl-dskt/tix-hotel/images-web/2020/10/29/b6c66410-a191-427e-9b26-8dcf450bda23-1603929325914-1ee247660bf2e382fdc25501488aa7d3.jpg,Putra Mas Homestay Kupang,Guest House,Kupang Tengah Kupang,Jl. Capricorn. Liliba. Oebobo. Kota Kupang. Nusa Tenggara Tim.. Indonesia,3.3,277800,277800,-10.163377,123.653334
662,https://s-light.tiket.photos/t/01E25EBZS3W0FY9GTG6C42E1SE/t_htl-dskt/tix-hotel/images-web/2020/11/01/9bb26932-b0fa-424e-9cd7-f046a8629245-1604169210449-c86374e7607a1bc2677caaad0444fecc.jpg,Hotel Beng Goan 2,Hotel,Maumere Sikka,Jl. Moa Toda No.49. Kota Baru. Alok Tim.. Kabupaten Sikka. Nusa Tenggara Tim.. Indonesia,4.3,240000,280001,-8.62457,122.218569
663,https://s-light.tiket.photos/t/01E25EBZS3W0FY9GTG6C42E1SE/t_htl-dskt/tix-hotel/images-web/2020/10/29/b6be652e-8704-484b-b7ed-eaa454852652-1603925481656-0b1eed80dcb0b23a2bf36e16b3114b54.jpg,Hotel Cahaya Adrian,Guest House,Komodo Manggarai Barat,Cowang Dereng. RT. 007 / RW. 02. Batu Cermin. Labuan Bajo. Batu Cermin. Komodo. Kabupaten Manggarai Barat. Nusa Tenggara Tim. 86554. Indonesia,3.5,308000,350000,-8.489633,119.893989
664,https://s-light.tiket.photos/t/01E25EBZS3W0FY9GTG6C42E1SE/t_htl-dskt/tix-hotel/images-web/2020/10/29/89d93167-300d-4b5c-bb95-eefa215607e7-1603931262172-dd374a9dde11f9d9b7a51990a7e805bd.jpg,Tarsan Homestay,Hostel,Komodo Manggarai Barat,Kompleks goa firdaus .Gang Firdaus. Labuan Bajo. Komodo. Kabupaten Manggarai Barat. Nusa Tenggara Tim. 86554. Indonesia,4.0,333000,369999,-8.488008,119.883755
665,https://s-light.tiket.photos/t/01E25EBZS3W0FY9GTG6C42E1SE/t_htl-dskt/tix-hotel/images-web/2022/04/08/8ed42f3a-55e5-43af-a076-fb3a17341673-1649398532218-1f150139dd2f13eb3cba02149a7e7011.jpg,Chendrick Homestay,Homestay,Labatukan Lembata,Lewoleba Tengah. Nubatukan. Kabupaten Lembata. Nusa Tenggara Timur,4.0,150000,200000,-8.372624,123.435556
666,https://s-light.tiket.photos/t/01E25EBZS3W0FY9GTG6C42E1SE/t_htl-dskt/tix-hotel/images-web/2020/11/15/16695635-c2a3-4bff-b0f8-05601b0f7d95-1605454421838-6feedd5777bdb6a3ef6d602efcce5e19.jpg,Sun Rice Homestay,Vacation Home,Ruteng Manggarai,Jl. Lintas Kenda-Ting. Bangka Kenda. Kec. Wae Ri'i. Kab. Manggarai,Belum ada rating,249999,249999,-8.573010444641113,120.45114135742188
667,https://s-light.tiket.photos/t/01E25EBZS3W0FY9GTG6C42E1SE/t_htl-dskt/tix-hotel/images-web/2022/03/04/9f11ecbc-33a9-457d-8cef-6f90c5b3cdb0-1646353852373-45d3d914980ddfe1d850112fab53c585.jpg,Silverin Resto and Hotel Bajawa,Hotel,Bajawa Ngada,Jalan Trans Flores Bajawa - Ende Km. 04  Wolokole,3.1,253575,434700,-8.806988030782335,120.97680923677058
668,https://s-light.tiket.photos/t/01E25EBZS3W0FY9GTG6C42E1SE/t_htl-dskt/tix-hotel/images-web/2021/12/27/88639de0-9300-4160-a3e5-c335877434cd-1640579720121-6e7ed93b64713315765eb647a604ac8f.jpg,Amor Homestay RedPartner,Hotel,Kupang Tengah Kupang,Jl. Fatudela 1 No.21. Liliba. Kec. Oebobo. Kota Kupang. Nusa Tenggara Tim. 85111. Indonesia,5.0,175560,175560,-10.166156,123.649298
669,https://s-light.tiket.photos/t/01E25EBZS3W0FY9GTG6C42E1SE/t_htl-dskt/tix-hotel/images-web/2021/03/12/1b0b10a2-6747-4376-9558-5494860072ef-1615542926481-e1556ce37d560de77f925f4ec2258d8f.jpg,Antoneri Lodge Ende,Guest House,Liselowobora Ende,Jl. Moni - Kelimutu. Koanara. Kelimutu. Kabupaten Ende. Nusa Tenggara Tim.. Indonesia,Belum ada rating,222300,381177,-8.749187,121.851351
670,https://s-light.tiket.photos/t/01E25EBZS3W0FY9GTG6C42E1SE/t_htl-dskt/tix-hotel/images-web/2021/12/22/7562ed12-54f7-4727-aced-366ec3dfeabc-1640128839349-94a9e330a5e0fac0d257a5bd80dfac8d.jpg,Guest House Tunas Daud Near Universitas Kristen Artha Wacana Kupang RedPartner,Hotel,Kupang Tengah Kupang,Guest House Tunas Daud. Jl. Adi Sucipto,Belum ada rating,143288,281618,-10.1500581,123.6532852
671,https://s-light.tiket.photos/t/01E25EBZS3W0FY9GTG6C42E1SE/t_htl-dskt/tix-hotel/images-web/2022/01/02/0061caae-71ed-4d34-992b-aca3d8bf5826-1641132035955-78cbc8970a6157661e82e0dcd775db6f.jpg,CAHAYA ADRIAN NEAR KOMODO AIRPORT,Hotel,Komodo Manggarai Barat,Cowang Dereng. Batu Cermin,Belum ada rating,300000,450000,-8.479783058166504,119.90045928955078
672,https://s-light.tiket.photos/t/01E25EBZS3W0FY9GTG6C42E1SE/t_htl-dskt/tix-hotel/images-web/2022/03/10/8cb3538f-c511-4767-b5ca-bc2b1da63553-1646901324955-ed110889d5879226e00c3db80bf96615.jpg,RedDoorz @ Jalan Serenaru Labuan Bajo,Hotel,Komodo Manggarai Barat,Jl. Serenaru. gang pertamina-Waekelambu. Labuan Bajo. Komodo. Kabupaten Manggarai Barat. Nusa Tenggara Tim. 86554,Belum ada rating,290996,529300,-8.504288,119.9024
673,https://s-light.tiket.photos/t/01E25EBZS3W0FY9GTG6C42E1SE/t_htl-dskt/tix-hotel/images-web/2021/12/02/130b43cc-a1c6-47df-92c3-9d676f87ca8b-1638423940843-36e3e798ff4443e4dab0e9bc55e09472.jpg,de Credo RedPartner,Hotel,Komodo Manggarai Barat,Jl. Batu Cermin No.20. Batu Cermin. Komodo. Kabupaten Manggarai Barat. Nusa Tenggara Tim. 45684. Indonesia,5.0,220248,322000,-8.486741,119.897155
674,https://s-light.tiket.photos/t/01E25EBZS3W0FY9GTG6C42E1SE/t_htl-dskt/tix-hotel/images-web/2021/12/14/989b8322-6a52-4ee6-8eb0-6df9c5f25ee1-1639431038302-4a09331b155a8c92f0ad89dcb28662e4.jpg,4 Pohon - Les 4 Arbres,Guest House,Manggarai Timur,Golo Lijun. Elar. East Manggarai Regency,5.0,350000,700000,-8.377449989318848,120.90231323242188
675,https://s-light.tiket.photos/t/01E25EBZS3W0FY9GTG6C42E1SE/t_htl-dskt/tix-hotel/images-web/2022/03/05/55f94fee-cfa8-43d9-a83a-eae2ffb1d86d-1646445318591-dd930aa70599c0a4f76c65030b6e9cfb.jpg,OYO 90974 Homestay Golo Koe Sejahtera,Guest House,Komodo Manggarai Barat,022. Golo Koe Kelurahan rt022/rw004 Wae Kelambu. Labuan Bajo,4.4,89575,89575,-8.500354,119.904671
676,https://s-light.tiket.photos/t/01E25EBZS3W0FY9GTG6C42E1SE/t_htl-dskt/tix-hotel/images-web/2022/03/21/97fe0329-aec4-495e-b4cd-11ddf1275748-1647834929969-e43784a7c8c4fa6d635c1bf1dd090e30.jpg,Shekinah Homestay & Cafe RedPartner,Hotel,Kota Waikabubak Sumba Barat,Gg. Teratai No.2. RT.11/RW.06. Kp. Sawah. Kec. Kota Waikabubak. Kabupaten Sumba Barat. Nusa Tenggara Tim. 84213. Indonesia,Belum ada rating,278460,278460,-9.635998,119.420231
677,https://s-light.tiket.photos/t/01E25EBZS3W0FY9GTG6C42E1SE/t_htl-dskt/tix-hotel/images-web/2022/05/06/40bd96e0-4cf5-4106-a27c-f61128391992-1651815928189-93b06f1541cd8c309d76b88f7d65d257.jpg,Grand Royal Hotel Kefa,Guest House,Kota  Kafamenanu Timor Tengah Utara,Jl. Kartini. Kefamenanu Tengah. Kec. Kota Kefamenanu. Kabupaten Timor Tengah Utara. Nusa Tenggara Tim.,Belum ada rating,180000,495000,-9.451644,124.477176
678,https://s-light.tiket.photos/t/01E25EBZS3W0FY9GTG6C42E1SE/t_htl-dskt/tix-hotel/images-web/2022/05/19/2eee46a7-5cca-4694-bc40-65e4b8c6cf71-1652953530322-1ae253f4a20d06770f436d66ec068f80.jpg,OYO 91230 Kelimutu Eco Village,Hotel,Koanara Ende,00. Jl. Moni Kelimutu. Kaonara. Kec Kelimutu. Kabupaten Ende NTT . Labuan Bajo,Belum ada rating,110770,177693,-8.757881,121.835662
679,https://s-light.tiket.photos/t/01E25EBZS3W0FY9GTG6C42E1SE/t_htl-dskt/tix-hotel/images-web/2022/06/25/e6c2d00b-427f-4603-9f78-4633936c2b5c-1656172525274-708ceeb1c19bf7e72885563dc8f82ae5.jpg,LOPE Homestay,Guest House,Waingapu Sumba Timur,Jl. Pulau Flores - Kambajawa - Waingapu - Sumba Timur,Belum ada rating,350000,350000,-9.667428,120.243919
680,https://s-light.tiket.photos/t/01E25EBZS3W0FY9GTG6C42E1SE/t_htl-dskt/tix-hotel/images-web/2022/04/23/8354b795-87c7-40f0-ab48-dbff1fd4c6a9-1650706855155-a1b750dc4bc98b188b21e4301e58e518.jpg,Sea World Club Beach Resort,Guest House,Maumere Sikka,Nai Roa Street No.KM. 13. Waiara. Flores. Sikka Regency. East Nusa Tenggara 86112.Jl. Nai Roa No.KM. 13. Waiara. Flores. Kabupaten Sikka. Nusa Tenggara Timur 86112,Belum ada rating,348395,870990,-8.63867757969167,122.325146258274
681,https://s-light.tiket.photos/t/01E25EBZS3W0FY9GTG6C42E1SE/t_htl-dskt/tix-hotel/images-web/2022/09/08/6f8f6dc2-a103-43d5-9a43-3e090f90a737-1662611748539-8a394292bc300476b44d021e4746d21e.jpg,Guest House d Valeri,Guest House,Komodo Manggarai Barat,(Seberang RS St. Yosep. Gardu Biru Besar PLN) Jl. Eduardus Sangsung. Golokoe. Gg. Dedapung. Wae Kelambu. Labuan Bajo. Manggarai Barat. Nusa Tenggara Timur,Belum ada rating,250000,250000,-8.500856,119.904809
682,https://s-light.tiket.photos/t/01E25EBZS3W0FY9GTG6C42E1SE/t_htl-dskt/tix-hotel/images-web/2022/08/05/96a81eb4-8968-433e-85eb-f39022100df1-1659692508496-d16ea6cdb6899d3124f53c516dccabed.jpg,Hotel Mentari Ende,Hotel,Ende Ende,Jl. Pahlawan No.19. Wolokaro. Kec. Ende. Kabupaten Ende. Nusa Tenggara Timur,Belum ada rating,292500,390000,-8.743912,121.604858
683,https://s-light.tiket.photos/t/01E25EBZS3W0FY9GTG6C42E1SE/t_htl-dskt/tix-hotel/images-web/2022/07/20/18d4e284-b447-4b31-86ed-7368705034db-1658276297142-760a23c7be7af6e0caf70e1e6e64b53a.jpg,Moro Seneng Homestay,Homestay,Ngada Bawa Ngada,Jl. Sriwijaya - IH. Doko No.3B (Belakang LP). Tanalodu. Bajawa. Kabupaten Ngada. Nusa Tenggara Timur,Belum ada rating,250000,275000,-8.789382,120.976141
684,https://s-light.tiket.photos/t/01E25EBZS3W0FY9GTG6C42E1SE/t_htl-dskt/tix-hotel/images-web/2022/08/22/6d8213e4-7096-4fe3-accc-89c24ab4ae9f-1661177138655-c20e9daf1f0c11e21f7bfd0d0854401e.jpg,Hotel Edelweis Bajawa,Hotel,Ngada Bawa Ngada,Jl. Ahmad Yani No.76. Tanalodu. Bajawa. Kabupaten Ngada. Nusa Tenggara Tim.,Belum ada rating,352788,613308,-8.79168,120.974645
685,https://s-light.tiket.photos/t/01E25EBZS3W0FY9GTG6C42E1SE/t_htl-dskt/tix-hotel/images-web/2020/10/31/4100b78e-f467-4b26-9d4e-23d1d15cea2e-1604154754797-ba5aa00e2193257be74b2926b1aa9b72.jpg,Sunwood Arianz Hotel managed by BENCOOLEN,Hotel,Mataram Lombok,Jl. Catur Warga No.33. Mataram Bar.. Selaparang. Kota Mataram. Nusa Tenggara Bar. 83126,4.3,328180,521500,-8.583962,116.107277
686,https://s-light.tiket.photos/t/01E25EBZS3W0FY9GTG6C42E1SE/t_htl-dskt/tix-hotel/images-web/2020/10/28/d8bed456-9861-423d-876c-9335f362d08a-1603890532077-aeab7d792261657d963ac9370621262b.jpg,idoop Hotel Lombok,Hotel,Mataram Lombok,Jalan Swaramahardika. Pejanggik. Kec. Mataram. Kota Mataram. Nusa Tenggara Barat. 83127,4.2,300960,758340,-8.586869,116.11744
687,https://s-light.tiket.photos/t/01E25EBZS3W0FY9GTG6C42E1SE/t_htl-dskt/tix-hotel/images-web/2020/10/28/2d9ab835-3f22-4227-b2b9-a3980b42aeea-1603902390562-6b7b0e4ba4679cdf85fd2302f8a6cb3f.jpg,Puri Indah Hotel & Convention,Hotel,Mataram Lombok,Jl. Sriwijaya No.132. Cakranegara. Kec. Cakranegara. Lombok. Nusa Tenggara Bar. 83111. Indonesia,4.2,300000,1256000,-8.593149,116.11904
688,https://s-light.tiket.photos/t/01E25EBZS3W0FY9GTG6C42E1SE/t_htl-dskt/tix-hotel/images-web/2020/10/29/60179708-f5a8-4c06-a593-714cd4e1ff58-1603929592678-8f35540433491413de04cc4774d97ef2.jpg,Fortune Hotel Mataram,Hotel,Mataram Lombok,Jl. Rapatmaja No.3. Cilinaya. Kec. Cakranegara. Kota Mataram. Nusa Tenggara Barat,4.3,217800,396000,-8.587455,116.123382
689,https://s-light.tiket.photos/t/01E25EBZS3W0FY9GTG6C42E1SE/t_htl-dskt/tix-hotel/images-web/2020/10/31/1d6c26af-7302-4b50-8de2-991eb3892fd6-1604161667959-b2f78d7d7def03e78e722bb329f0a3f0.jpg,Hart Hotel Premium,Hotel,Mataram Lombok,Jl. Rapatmaja No.3. Cilinaya. Kec. Cakranegara. Kota Mataram. Nusa Tenggara Bar. 83239. Indonesia,4.3,341451,811800,-8.588223,116.123548
690,https://s-light.tiket.photos/t/01E25EBZS3W0FY9GTG6C42E1SE/t_htl-dskt/tix-hotel/images-web/2020/10/28/1219f756-afd3-4668-9dcd-990f3b768dee-1603895887500-088ed1b83991315a9733c4095eb6c460.jpg,M Hotel Lombok,Hotel,Mataram Lombok,Jl. Rajawali No.10. Cakranegara Bar.. Kec. Cakranegara. Kota Mataram. Nusa Tenggara Bar. 83239. Indonesia,3.8,210500,288500,-8.586778,116.12721
691,https://s-light.tiket.photos/t/01E25EBZS3W0FY9GTG6C42E1SE/t_htl-dskt/tix-hotel/images-web/2020/10/31/c7fab426-4b2d-4e71-a2a9-667a1eb478a7-1604120345176-1227629e4b0adab86c8d14223444b5ec.jpg,Gili Sands Beach Club,Hotel,Gili Trawangan Lombok,Jalan Pantai Gili Trawangan. Gili Indah. Gili Trawangan. Kabupaten Lombok Utara. Nusa Tenggara Bar. 83352. Indonesia,4.1,350000,1300000,-8.356505,116.041979
692,https://s-light.tiket.photos/t/01E25EBZS3W0FY9GTG6C42E1SE/t_htl-dskt/tix-hotel/images-web/2022/07/27/e98051e2-6443-4b54-8ae9-9e88e59f9eeb-1658884523258-1f621f59cffefe3c19cbb7692474f389.jpg,Grand Madani Hotel Syariah,Hotel,Mataram Lombok,Jl. Udayana No.20. Monjok Bar.. Selaparang. Kota Mataram. Nusa Tenggara Bar. 83122. Indonesia,4.3,271847,493003,-8.575497,116.10281
693,https://s-light.tiket.photos/t/01E25EBZS3W0FY9GTG6C42E1SE/t_htl-dskt/tix-hotel/images-web/2020/11/01/4d2d73b3-26d5-4a25-94f9-bed1a1022129-1604175849202-83b43aaf90337ec4b04aa069e208291e.jpg,Fizz Hotel Lombok,Hotel,Mataram Lombok,Jl. Majapahit No.31. Kekalik Jaya. Sekarbela. Kabupaten Lombok Barat. Nusa Tenggara Bar. 83114. Indonesia,3.8,315488,594668,-8.589208,116.091331
694,https://s-light.tiket.photos/t/01E25EBZS3W0FY9GTG6C42E1SE/t_htl-dskt/tix-hotel/images-web/2020/10/28/287a4518-4063-45a5-a330-eeb2d2e01842-1603899933280-6640de3a14b6cf3ec59e62c3034edcef.jpg,Palapa Hotel Lombok,Hotel,Mataram Lombok,Jl. Palapa 1 No.16B. Cilinaya. Cakranegara. Kota Mataram. Nusa Tenggara Bar. 83239. Indonesia,3.9,265000,305000,-8.5889,116.120622
695,https://s-light.tiket.photos/t/01E25EBZS3W0FY9GTG6C42E1SE/t_htl-dskt/tix-hotel/images-web/2021/12/10/70b29b77-d0f2-423f-80bb-1f6adb19ac6b-1639144856176-a4db5da5a032e879f5b4a0749d909c29.jpg,Grand Senggigi Hotel,Hotel,Senggigi Lombok,Jl. Raya Senggigi Km. 8. Batu Layar. Kabupaten Lombok Barat. Nusa Tenggara Bar. 83355. Indonesia,3.8,174600,259960,-8.509577,116.059011
696,https://s-light.tiket.photos/t/01E25EBZS3W0FY9GTG6C42E1SE/t_htl-dskt/tix-hotel/images-web/2020/10/28/8a4f1ea5-dd01-4cfe-9c82-6a11ba05b619-1603876335805-e9403bcb39ff5185be2b8f620dde3f95.jpg,Grand Legi Hotel Mataram Lombok,Hotel,Mataram Lombok,Jl. Sriwijaya No.81. Pagesangan Tim.. Kec. Mataram. Kota Mataram. Nusa Tenggara Bar. 83127,4.0,312592,643500,-8.594912,116.114478
697,https://s-light.tiket.photos/t/01E25EBZS3W0FY9GTG6C42E1SE/t_htl-dskt/tix-hotel/images-web/2020/10/31/28780dac-a7ea-47f2-81e5-4dde555101a7-1604135280219-c4eb73be55feb52e3040b85b0b2b2af5.jpg,Citilike Hotel Lombok,Hotel,Mataram Lombok,Jl. Balam No.7. Cakranegara Bar.. Cakranegara. Kota Mataram. Nusa Tenggara Bar. 83239. Indonesia,3.9,234630,267300,-8.586176,116.123238
698,https://s-light.tiket.photos/t/01E25EBZS3W0FY9GTG6C42E1SE/t_htl-dskt/tix-hotel/images-web/2020/10/31/d9208d8b-1421-4fd1-b27f-9156365bb217-1604136735248-73b1e036343abf01ddf368bed791b3b2.jpg,RedDoorz near Mataram University,Hotel,Mataram Lombok,Jl. Majapahit No.29. Taman Sari. Kec. Ampenan. Kota Mataram. Nusa Tenggara Bar. 83114. Indonesia,4.3,166664,290249,-8.582859,116.086241
699,https://s-light.tiket.photos/t/01E25EBZS3W0FY9GTG6C42E1SE/t_htl-dskt/tix-hotel/images-web/2022/05/01/55f9d3f3-f0b8-4871-94e7-906cb15c833d-1651418717015-198302e03e1dd3154dd938e6bdc291d4.jpg,Krisna Bungalow and Restaurant,Hotel,Sekotong Lombok,Jl. Raya Sekotong. Dusun Batu Leong. Desa Sekotong Barat. Kec. Sekotong. Sekotong Bar.. Sekotong Tengah. Kabupaten Lombok Barat. Nusa Tenggara Bar. 83365. Indonesia,3.7,343380,457840,-8.74244,116.002405
700,https://s-light.tiket.photos/t/01E25EBZS3W0FY9GTG6C42E1SE/t_htl-dskt/tix-hotel/images-web/2020/11/01/c06d8a2d-7d46-4d91-b0fd-b68b8c4e2b85-1604179706943-e438e29ada6c4db04db92a00772a2509.jpg,Panfila Hotel Kuta Lombok,Hotel,Kuta Lombok,Jl. Raya Kuta. Kuta. Pujut. Kabupaten Lombok Tengah. Nusa Tenggara Bar. 83573. Indonesia,4.1,283725,485000,-8.886897,116.275885
701,https://s-light.tiket.photos/t/01E25EBZS3W0FY9GTG6C42E1SE/t_htl-dskt/tix-hotel/images-web/2020/10/31/dfac1044-4879-4e7b-af2f-8054c134235a-1604125219734-b8dfccdfbdd3c9d44deb8b4f860b14c6.jpg,Puri Indah Hotel Subak Lombok,Hotel,Mataram Lombok,Jalan Subak IV No.6. Cakranegara. Kota Mataram. Nusa Tenggara Bar. 83232. Indonesia,3.9,250000,300000,-8.592668,116.124801
702,https://s-light.tiket.photos/t/01E25EBZS3W0FY9GTG6C42E1SE/t_htl-dskt/tix-hotel/images-web/2021/02/23/69b93560-14d1-4903-a9dc-638470f6c58e-1614086117629-ac195c84b01f3b2236f52feb3eb49554.jpg,RedDoorz Syariah near Lombok Epicentrum Mall,Hotel,Mataram Lombok,Jl. Purbalingga No.1. Punia. Kec. Mataram. Kota Mataram. Nusa Tenggara Bar. 83126. Indonesia,4.3,247995,328950,-8.593753,116.10311
703,https://s-light.tiket.photos/t/01E25EBZS3W0FY9GTG6C42E1SE/t_htl-dskt/tix-hotel/images-web/2022/01/05/d5e6397e-c76f-4617-919f-2a8c847c69c5-1641316526113-52cb182cc8bfa2fd81bffb6e147778bb.jpg,OYO 90820 Madania Guesthouse,Hotel,Mataram Lombok,6. Jalan Jepara. Komplek Rumah Dinas Polda NTB. Kel. Punia. Mataram. Kec. Mataram. Nusa Tenggara Barat. 83133. Indonesia. Lombok,4.4,234967,234967,-8.593891,116.102544
704,https://s-light.tiket.photos/t/01E25EBZS3W0FY9GTG6C42E1SE/t_htl-dskt/tix-hotel/images-web/2021/01/18/530dc703-4e99-40ba-84e7-f31d2308804a-1610946398268-d9ad0c6ee70e3926fd664c8a31bd1217.jpg,Enfaza Hotel Syariah,Hotel,Mataram Lombok,jl. swasembada no.54 kekalik jaya,4.5,178046,225524,-8.595372,116.089057
705,https://s-light.tiket.photos/t/01E25EBZS3W0FY9GTG6C42E1SE/t_htl-dskt/tix-hotel/images-web/2020/10/28/d98fc303-8ee7-48d7-a5f3-90e8b2d09bd2-1603902516170-dc93dbb4a39ce4eab8e4c703732b6a55.jpg,Mataram Hotel Lombok,Hotel,Mataram Lombok,Jl. Pejanggik No.105. Cilinaya. Kec. Cakranegara. Kota Mataram. Nusa Tenggara Bar. 83239. Indonesia,3.9,235000,325000,-8.587089,116.12081
706,https://s-light.tiket.photos/t/01E25EBZS3W0FY9GTG6C42E1SE/t_htl-dskt/tix-hotel/images-web/2020/10/31/31b26076-ada5-4e31-8310-6dc9a2c60b18-1604146863228-a8ad2d6f1d7e1d71843d39ee5c4b60c9.jpg,SPOT ON 1784 TNC Residence Syariah,Hotel,Mataram Lombok,Jalan Swara Mahardika Gg. III Kec. Mataram. Kota Mataram. Mataram,3.7,64000,111111,-8.590009,116.114879
707,https://s-light.tiket.photos/t/01E25EBZS3W0FY9GTG6C42E1SE/t_htl-dskt/tix-hotel/images-web/2021/05/05/a1f6643b-5da6-4105-baca-5572e088415e-1620198913280-aeeda76fa407c4fe3a588dfa20755e5d.jpg,Tienery Guest House,Hotel,Mataram Lombok,Jl. Swasembada 40 C. Kekalik Jaya. Mataram. Lombok,4.2,175000,225000,-8.593599,116.088984
708,https://s-light.tiket.photos/t/01E25EBZS3W0FY9GTG6C42E1SE/t_htl-dskt/tix-hotel/images-web/2021/03/12/0bd29394-b5a1-4ab8-aff6-7b1baea5e134-1615560399104-3cf07e9e0bb5bd3115862e18326c60ef.jpg,SPOT ON 2732 Sandy Guesthouse,Hotel,Mataram Lombok,Jl. Pandudewanata No.5. Cilinaya. Kec. Cakranegara.. Mataram,3.7,50240,78500,-8.590495,116.126565
709,https://s-light.tiket.photos/t/01E25EBZS3W0FY9GTG6C42E1SE/t_htl-dskt/tix-hotel/images-web/2021/08/30/42ad0d05-133a-4853-bad2-3c393507cdd2-1630296325669-26f0db2a7c6328341b37ae02d1377a50.jpg,Mataram Square Hotel,Hotel,Mataram Lombok,Jl. R Suprapto No.21A. Taman Sari. Kec. Ampenan. Kota Mataram. Nusa Tenggara Bar. 83112,4.1,249201,249201,-8.581973,116.086428
710,https://s-light.tiket.photos/t/01E25EBZS3W0FY9GTG6C42E1SE/t_htl-dskt/tix-hotel/images-web/2020/10/31/1a8f20c0-b642-49af-a0e3-c813650bdb55-1604142435051-d186315470abf110cc2122709dab640b.jpg,Gading Guest House,Hotel,Mataram Lombok,Jalan Pariwisata 39A,4.0,202222,202222,-8.5812,116.11585
711,https://s-light.tiket.photos/t/01E25EBZS3W0FY9GTG6C42E1SE/t_htl-dskt/tix-hotel/images-web/2021/03/12/9c36781e-7179-48a2-b309-0850c77b9b44-1615535124987-78e91e92d17944f57f65043b50df17d9.jpg,Nutana Hotel Lombok,Hotel,Mataram Lombok,Jl. Airlangga No.14. Cakranegara Selatan. Selaparang. Mataram Bar.. Selaparang. Kota Mataram. Nusa Tenggara Bar. 83126. Indonesia,3.8,234500,234500,-8.587434,116.100516
712,https://s-light.tiket.photos/t/01E25EBZS3W0FY9GTG6C42E1SE/t_htl-dskt/tix-hotel/images-web/2020/10/28/0db0a012-2668-4b49-a5c8-d2b45cedf875-1603878136445-3ab0d8ace7fbb1ab6c7d0eee1b26cf53.jpg,Transit Inn Senggigi,Hotel,Batu Layar Lombok,Jl. Raya Senggigi. Batu Layar. Senggigi. Kabupaten Lombok Barat. Lombok. Nusa Tenggara Barat. Indonesia,4.6,224999,485000,-8.50671,116.056221
713,https://s-light.tiket.photos/t/01E25EBZS3W0FY9GTG6C42E1SE/t_htl-dskt/tix-hotel/images-web/2022/08/17/09aa8d6e-1c47-41ee-a6e1-2cdf11e4bb9c-1660705535679-255fe1d7331cff005dc59a501ebe6606.jpg,Melati Resort & Hotel,Hotel,Mandalika Lombok,Jl. Raya Kuta No.5. Kuta. Pujut. Kabupaten Lombok Tengah. Nusa Tenggara Bar. 83573. Indonesia,3.3,291000,291000,-8.889923,116.276909
714,https://s-light.tiket.photos/t/01E25EBZS3W0FY9GTG6C42E1SE/t_htl-dskt/tix-hotel/images-web/2021/03/18/09b768c4-6704-48a5-ab57-1e19570a06b5-1616067986334-8cbe6beda7d57461d7c69c8b5733cc4d.jpg,Hastina Hotel Lombok,Hotel,Mataram Lombok,Jl. Kulintang I No.1. Mataram Tim.. Kec. Mataram. Kota Mataram. Nusa Tenggara Bar. 83127. Indonesia,4.0,272250,321750,-8.594382,116.108314
715,https://s-light.tiket.photos/t/01E25EBZS3W0FY9GTG6C42E1SE/t_htl-dskt/tix-hotel/images-web/2021/03/12/db96fa42-b9dc-415e-8891-d5236d1d25b7-1615536360807-a8b8da207b1a99ddf6fff4fb42240dae.jpg,Puri Senggigi Hotel,Hotel,Senggigi Lombok,Jl. Raya Senggigi No.Km 8. Senggigi. Batu Layar. Kabupaten Lombok Barat. Nusa Tenggara Bar. 83355,3.7,218250,339500,-8.504505,116.055239
716,https://s-light.tiket.photos/t/01E25EBZS3W0FY9GTG6C42E1SE/t_htl-dskt/tix-hotel/images-web/2020/10/29/c8ee70f5-b6e4-4a31-b63b-e630a4442d56-1603908734984-0c18796e39383c8f0ead8dedd59e5a15.jpg,Kurnia Jaya Hotel,Hotel,Mataram Lombok,Jl. Prasarana terusan no.11. Dasan Agung Baru. Selaparang. Kota Mataram. Nusa Tenggara Bar. 83126. Indonesia,4.3,166455,277425,-8.584886,116.095853
717,https://s-light.tiket.photos/t/01E25EBZS3W0FY9GTG6C42E1SE/t_htl-dskt/tix-hotel/images-web/2020/10/29/6d58e537-918b-41a5-836a-8dbf9fb960ff-1603920928170-575c5e58a78982fd6c71c510338bd052.jpg,D Batur Hotel Senggigi,Hotel,Senggigi Lombok,Jl. Raya Senggigi. Senggigi. Batu Layar. Kabupaten Lombok Barat. Nusa Tenggara Bar.. Indonesia,4.6,162500,487500,-8.518594,116.063821
718,https://s-light.tiket.photos/t/01E25EBZS3W0FY9GTG6C42E1SE/t_htl-dskt/tix-hotel/images-web/2020/10/31/1ea18941-27c2-4e36-9b88-173467677e46-1604122670230-6c22564efccbb5f85ccfe3b9e03b6839.jpg,Guest House Rumah Lombok,Guest House,Mataram Lombok,Jl. Jend. Sudirman No.2. Rembiga. Selaparang. Kota Mataram. Nusa Tenggara Bar. 83124. Indonesia,4.1,118734,152000,-8.562422,116.109637
719,https://s-light.tiket.photos/t/01E25EBZS3W0FY9GTG6C42E1SE/t_htl-dskt/tix-hotel/images-web/2020/10/29/42662fdf-2256-4fa4-a343-60a37b04fc08-1603908736352-c863f428d4f0534b0f0c76f3448824cb.jpg,Pandora Hotel Mataram,Hotel,Mataram Lombok,Jl. Caturwarga No.55. Pejanggik. Kec. Mataram. Kota Mataram. Nusa Tenggara Bar. 83122. Indonesia,3.4,184300,200000,-8.58494,116.109868
720,https://s-light.tiket.photos/t/01E25EBZS3W0FY9GTG6C42E1SE/t_htl-dskt/tix-hotel/images-web/2021/03/12/c8b2b557-4ca9-403d-9f49-8c99b1d22d6f-1615563410510-d3e61aad21e1ff2267af93ed4914b76d.jpg,OYO 3765 Lombok Vaganza Hotel & Convention,Hotel,Mataram Lombok,99. Jalan Panji Tilar Negara No. 99. Mataram,4.1,249038,339116,-8.59402,116.085383
721,https://s-light.tiket.photos/t/01E25EBZS3W0FY9GTG6C42E1SE/t_htl-dskt/tix-hotel/images-web/2020/10/28/44a48501-683a-45ed-9127-8845905df57e-1603899725688-94b5be8a3deba47357c98ea25f950956.jpg,Jazz Senggigi Hotel,Hotel,Batu Layar Lombok,Jln Palm Raja. BTN Green Valley No.2A. Senggigi. Batu Layar. Kabupaten Lombok Barat. Nusa Tenggara Bar. 83355. Indonesia,4.8,270000,270000,-8.50401,116.054995
722,https://s-light.tiket.photos/t/01E25EBZS3W0FY9GTG6C42E1SE/t_htl-dskt/tix-hotel/images-web/2020/10/28/08542cbb-3bfe-4166-a669-440af9ff29bd-1603904196257-f68925ac6d8908580fbcbee3c60cdaf6.jpg,DeKa Homestay Mataram,Guest House,Mataram Lombok,Jl. Aik Bukak. Cakranegara Sel.. Cakranegara. Kota Mataram. Nusa Tenggara Bar. 83232. Indonesia,4.2,168000,197400,-8.595536,116.133104
723,https://s-light.tiket.photos/t/01E25EBZS3W0FY9GTG6C42E1SE/t_htl-dskt/tix-hotel/images-web/2020/10/31/3b029a59-ad18-4945-b608-69db262b2733-1604121693218-8ddb6be5b0a2d1337bc3a7341f7afb3b.jpg,Kabana Hotel Lombok,Guest House,Mataram Lombok,Jl. Abimanyu No.2A. Cilinaya. Cakranegara. Kota Mataram. Nusa Tenggara Bar. 83239. Indonesia,3.9,236610,236610,-8.589773,116.123494
724,https://s-light.tiket.photos/t/01E25EBZS3W0FY9GTG6C42E1SE/t_htl-dskt/tix-hotel/images-web/2022/04/09/542cec82-c661-4fbf-ba0e-9b83e69cb70d-1649473143868-b6c2aff4e24091177f794ca8d5d362bb.jpg,Intan Inn Hotel and Resto Gili Trawangan,Guest House,Gili Trawangan Lombok,road ikan hiu Gili Indah road II.Jalan ikan Gili Indah road II,Belum ada rating,249999,249999,-8.353394,116.04187
725,https://s-light.tiket.photos/t/01E25EBZS3W0FY9GTG6C42E1SE/t_htl-dskt/tix-hotel/images-web/2021/03/18/9d5f31f2-40f3-48a9-951e-2aebe8e2c6e0-1616069735812-17cba0f3e884808cd79be974b58d0cba.jpg,OYO 1757 Villa Dende,Hotel,Mataram Lombok,Jl. Panji Asmara Blok A 99X. Kekalik Jaya. Kec. Sekarbela. Mataram,3.4,262938,325286,-8.595119,116.087524
726,https://s-light.tiket.photos/t/01E25EBZS3W0FY9GTG6C42E1SE/t_htl-dskt/tix-hotel/images-web/2020/10/28/57706862-dbc5-40ca-aa97-4816fc91086d-1603899085933-c8743e799da96ad7159c0f72ca6c6bed.jpg,Gili Beach Wind - Gili Trawangan,Hostel,Gili Trawangan Lombok,Gili Trawangan Island. Desa Gili Indah. Kecamatan Pemenang. Lombok Utara. Nusa Tenggara Barat. 83352,3.9,144001,221251,-8.352585,116.043785
727,https://s-light.tiket.photos/t/01E25EBZS3W0FY9GTG6C42E1SE/t_htl-dskt/tix-hotel/images-web/2020/10/31/7647cc64-1f7b-4925-9df1-379f8e4abadf-1604120988935-e78ba14b1fe9303625bca30342172c8d.jpg,Gili Ilalang Village,Guest House,Gili Trawangan Lombok,Gili Trawangan. Gili Indah. Pemenang. Kabupaten Lombok Utara. Nusa Tenggara Bar. 83352. Indonesia,3.5,205875,269325,-8.351197,116.037939
728,https://s-light.tiket.photos/t/01E25EBZS3W0FY9GTG6C42E1SE/t_htl-dskt/tix-hotel/images-web/2021/09/28/2c432617-b3f8-4094-aba9-301f535e1835-1632780040348-5e6654407ba0eba5d85345dce647d8c2.jpg,Gili La Boheme,Hostel,Gili Trawangan Lombok,Jalan Sunset Road 1,3.5,270000,288000,-8.354900360107422,116.03993225097656
729,https://s-light.tiket.photos/t/01E25EBZS3W0FY9GTG6C42E1SE/t_htl-dskt/tix-hotel/images-web/2020/11/01/215bb5b3-2472-4186-9225-d592e7dfd3a7-1604171483524-1f94cfb84722d0278562117c796c3865.jpg,OYO 1206 Lombok Guest House,Hotel,Mataram Lombok,Jalan Pariwisata No. 82. Majeluk. Monjok Timur. Monjok Tim.. Selaparang. Kota Mataram. Nusa Tenggara Bar. 83239. Indonesia. Lombok,4.3,193456,261311,-8.579845,116.118158
730,https://s-light.tiket.photos/t/01E25EBZS3W0FY9GTG6C42E1SE/t_htl-dskt/tix-hotel/images-web/2022/03/04/7f922a38-bd3f-4226-8756-731a797f42cb-1646352180877-d4cf6bda4399edf499fd368f719961e9.jpg,Colour Cottages,Guest House,Gili Air Lombok,Gili Air. Pemenang. Lombok Utara,Belum ada rating,269325,360000,-8.35418701171875,116.08496856689453
731,https://s-light.tiket.photos/t/01E25EBZS3W0FY9GTG6C42E1SE/t_htl-dskt/tix-hotel/images-web/2020/10/29/558b90d0-3847-4409-8401-5176ab556251-1603907391217-739d291bb8c13d60e9fa57af5dda7850.jpg,We Are Hotel Mataram,Guest House,Mataram Lombok,Jl. Rm Panji Anom No.10. Pagutan Tim.. Kec. Mataram. Kota Mataram. Nusa Tenggara Bar. 83127. Indonesia,4.0,209333,209333,-8.609359,116.119847
732,https://s-light.tiket.photos/t/01E25EBZS3W0FY9GTG6C42E1SE/t_htl-dskt/tix-hotel/images-web/2021/12/05/ddacb976-baf4-40f9-81c7-670b506c995c-1638696647788-c5c4239f3f94432e9a424cbbdc2c775d.jpg,Wisma Bunda Hotel,Hotel,Gili Trawangan Lombok,Gili Trawangan,Belum ada rating,165058,235125,-8.352583264616309,116.03965625166893
733,https://s-light.tiket.photos/t/01E25EBZS3W0FY9GTG6C42E1SE/t_htl-dskt/tix-hotel/images-web/2021/03/12/76c7f754-f9d7-4126-ad93-a883db77fa9c-1615559077532-ca2ffddb73ea36d87a517b2c9ab1b0af.jpg,OYO 1837 Telone Bungalow,Hotel,Jerowaru Lombok,Sekaroh. Jerowaru. East Lombok Regency. West Nusa Tenggara. Indonesia. Kabupaten Lombok Timur,3.0,57811,80700,-8.828013,116.523195
734,https://s-light.tiket.photos/t/01E25EBZS3W0FY9GTG6C42E1SE/t_htl-dskt/tix-hotel/images-web/2020/10/13/b5e5bee4-ed47-437b-b690-07026feea19d-1602561095596-1b3c67bf065a3b3e85b482be2599f776.jpg,Gili Turtle Beach Resort,Bed & Breakfast,Gili Trawangan Lombok,Jalan pantai Gili Trawangan,3.6,311507,400000,-8.349147,116.04325
735,https://s-light.tiket.photos/t/01E25EBZS3W0FY9GTG6C42E1SE/t_htl-dskt/tix-hotel/images-web/2021/02/23/43426c2e-20dc-473d-8095-c9f401a8f3fd-1614094232415-2f5b1a1e5a9849b6c93ac6cb309544bf.jpg,RedDoorz @ Jalan Pendidikan Mataram,Hotel,Mataram Lombok,Jl. Pendidikan No.45. Dasan Agung Baru. Kec. Selaparang. Kota Mataram. Nusa Tenggara Bar. 83114. Indonesia,3.9,117483,220000,-8.581504,116.089974
736,https://s-light.tiket.photos/t/01E25EBZS3W0FY9GTG6C42E1SE/t_htl-dskt/tix-hotel/images-web/2020/10/31/38fdf54f-00ae-4f50-b9c1-60f9c8eb8650-1604144187009-c342aeb7477c3fcc991d37047b17b9f7.jpg,RedDoorz Premium near Senggigi Beach,Hotel,Batu Layar Lombok,Jl. Raya Senggigi No.88. Senggigi. Batu Layar. Kabupaten Lombok Barat. Nusa Tenggara Bar. 83355. Indonesia,3.6,212746,769779,-8.497895,116.048919
737,https://s-light.tiket.photos/t/01E25EBZS3W0FY9GTG6C42E1SE/t_htl-dskt/tix-hotel/images-web/2020/10/29/3a475a99-8157-4b94-a6b9-bc258302cc7b-1603908955582-bdadd5d141d7e48dc349084ed855b96a.jpg,Family House & Restaurant,Hostal,Kuta Lombok,jalan pariwisata kuta-mawun no 3 km 0. Kuta Beach. Kuta. Pujut. Kabupaten Lombok Tengah. Nusa Tenggara Bar. 83573. Indonesia,5.0,291000,679000,-8.890572,116.276102
738,https://s-light.tiket.photos/t/01E25EBZS3W0FY9GTG6C42E1SE/t_htl-dskt/tix-hotel/images-web/2020/10/13/a5499799-d9c3-4f6a-99a5-de761f04a69a-1602570626764-3181a1b6b37b510c5d8b6a0604b10ad5.jpg,KUTA CABANA LODGE,Guest House,Kuta Lombok,Jl Awang Rangkap 1 Kuta Lombok Kecamatan Pujut Lom,4.3,192654,1000000,-8.893001,116.296974
739,https://s-light.tiket.photos/t/01E25EBZS3W0FY9GTG6C42E1SE/t_htl-dskt/tix-hotel/images-web/2020/11/15/8d4057a2-75c5-415c-8508-e8382c2df145-1605398076710-93196df7bceeb1d99267b3f10762fa33.jpg,Puri Bunga Beach Cottages Hotel,Resort,Senggigi Lombok,Jl. Raya Senggigi. Senggigi. Batu Layar. Kabupaten Lombok Barat. Nusa Tenggara Bar. 83355. Indonesia,3.3,335620,335620,-8.495367,116.044968
740,https://s-light.tiket.photos/t/01E25EBZS3W0FY9GTG6C42E1SE/t_htl-dskt/tix-hotel/images-web/2021/03/12/dfe41e78-bae6-4c3a-8f9a-512f9739c7fb-1615561218911-f7f974923f8de90cf81ecd72dfd0a6e0.jpg,Jo Je Bungalow,Hotel,Senggigi Lombok,Jalan Raya Senggigi Km 10 Lombok. 83355 Senggigi . Indonesia,3.0,291000,1455000,-8.506494,116.056111
741,https://s-light.tiket.photos/t/01E25EBZS3W0FY9GTG6C42E1SE/t_htl-dskt/tix-hotel/images-web/2021/12/14/58293420-0ce1-4efd-9d5b-253c8915e798-1639465837807-d1217c13dd9aafba9e6ea5155da92c92.jpg,Gili Kulemba Bungalow,Bungalow,Gili Trawangan Lombok,jalan gili trawangan,Belum ada rating,337679,337679,-8.34266960911768,116.03754669427872
742,https://s-light.tiket.photos/t/01E25EBZS3W0FY9GTG6C42E1SE/t_htl-dskt/tix-hotel/images-web/2021/01/19/33c6eb6f-be56-496c-9e87-d15577347912-1611046510469-f12491b493e5b4ffd200dbdf2637d921.jpg,OYO 2544 Just-In Hotel,Hotel,Mataram Lombok,Jl. Bung Karno No.79. Pagesangan Tim.. Kec. Mataram. Kota Mataram. Nusa Tenggara Bar. 83127. Indonesia. Mataram,3.5,96130,254150,-8.596813,116.112881
743,https://s-light.tiket.photos/t/01E25EBZS3W0FY9GTG6C42E1SE/t_htl-dskt/tix-hotel/images-web/2021/03/23/3d264efc-61c6-491a-95f6-e1102c81a49f-1616471777558-3871ff3dc2dd77196558e3c86df143e5.jpg,OYO 1324 White House,Hotel,Gili Trawangan Lombok,Jl. Ikan Paus. Gili Indah. Pemenang. Kabupaten Lombok Utara. Nusa Tenggara Bar. 83352. Indonesia. Kabupaten Lombok Utara,4.3,136105,136105,-8.350375,116.042078
744,https://s-light.tiket.photos/t/01E25EBZS3W0FY9GTG6C42E1SE/t_htl-dskt/tix-hotel/images-web/2021/10/18/833c0e30-da5b-4b8e-9559-02a80744f19a-1634518241168-250c7cf0bfdd2e6e609ecf8684bd74eb.jpg,Villa Mataano,Guest House,Batu Layar Lombok,Green Valley. Jl. Alamanda No. 8B. Senggigi. Batu Layar. Lombok. Nusa Tenggara Barat,4.3,307801,800000,-8.502113,116.056419
745,https://s-light.tiket.photos/t/01E25EBZS3W0FY9GTG6C42E1SE/t_htl-dskt/tix-hotel/images-web/2020/10/28/0ef95464-15d6-452f-a90b-cb637a62b436-1603902517664-3cabc15fb35db976c7a01cf2d5a02699.jpg,Hotel Rinjani Mataram,Guest House,Mataram Lombok,Jl. Catur Warga No.18. Mataram Tim.. Kec. Mataram. Kota Mataram. Nusa Tenggara Bar. 83122. Indonesia,Belum ada rating,168235,232941,-8.585352,116.1116
746,https://s-light.tiket.photos/t/01E25EBZS3W0FY9GTG6C42E1SE/t_htl-dskt/tix-hotel/images-web/2021/03/12/e2d93373-a8b8-4eb1-8dee-904f6c691ebd-1615560811856-61fbf2bf6c218b73f643de4681525e45.jpg,OYO 2861 Hotel Gili Air & Restaurant,Hotel,Gili Air Lombok,Gili Air No.1. Gili Indah. Pemenang. Lombok Utara. North Lombok,Belum ada rating,166667,194445,-8.350655,116.084797
747,https://s-light.tiket.photos/t/01E25EBZS3W0FY9GTG6C42E1SE/t_htl-dskt/tix-hotel/images-web/2021/12/02/da51baa5-9741-4790-a69e-3ad16fc2c189-1638396055664-94dbef537f523c0ac89b26282b319c55.jpg,Narmada Hotel Convention Hall,Hotel,Mataram Lombok,Jalan Majapahit No.777. Mataram Indonesia. Pusat Kota Mataram. Lombok. Mataram. Indonesia,4.0,231867,231867,-8.593633,116.097377
748,https://s-light.tiket.photos/t/01E25EBZS3W0FY9GTG6C42E1SE/t_htl-dskt/tix-hotel/images-web/2021/04/06/10693964-1009-4d10-a0b0-91303cf63bfc-1617689108580-ada23da0d143834e9050f5293e2372b3.jpg,Radiya Guesthouse,Guest House,Sembalun Lombok,Jl. Raya Sembalun Lawang No.16. Sembalun Lawang. Sembalun. Kabupaten Lombok Timur. Nusa Tenggara Bar. 83656. Indonesia,4.7,213750,275000,-8.360142,116.532533
749,https://s-light.tiket.photos/t/01E25EBZS3W0FY9GTG6C42E1SE/t_htl-dskt/tix-hotel/images-web/2021/03/12/77a3f881-48a0-4ddf-99b2-2cd669dd4743-1615559961397-a71e5359db1499544c61c6d111cdf955.jpg,OYO 2284 Grand Villa Meninting,Hotel,Batu Layar Lombok,Jl. Saleh Sungkar. Meninting. Batu Layar. Kabupaten Lombok Barat. Nusa Tenggara Barat. Lombok,3.5,123838,143333,-8.54964,116.072438
750,https://s-light.tiket.photos/t/01E25EBZS3W0FY9GTG6C42E1SE/t_htl-dskt/tix-hotel/images-web/2021/10/05/62643708-fe97-4f94-8c65-aa7b29a2725f-1633438515259-a269bcddc423cab26161f25d3ca826bb.jpg,The Gate Rinjani,Cottage,Sembalun Lombok,Jl. Bawak Enau. Sajang. Sembalun. Kab. Lombok Timur,4.8,185000,489000,-8.344647,116.499524
751,https://s-light.tiket.photos/t/01E25EBZS3W0FY9GTG6C42E1SE/t_htl-dskt/tix-hotel/images-web/2020/10/28/23686840-4daf-4981-a20f-07a18412bcab-1603902591595-c5aa4cb56d3c4c2add1811771d6ce59c.jpg,Hotel Artha Mataram,Hotel,Mataram Lombok,Jalan Garuda No. 11A. Gang Jeruk Manis. Cakranegara. Mataram,3.6,130000,160000,-8.585651,116.125359
752,https://s-light.tiket.photos/t/01E25EBZS3W0FY9GTG6C42E1SE/t_htl-dskt/tix-hotel/images-web/2020/10/31/23df8370-12ae-4030-9efd-517b2ced56af-1604143936120-3e11f7af9f292eff1162b6045c2c0dbb.jpg,Hotel Gili Air and Restaurant,Hotel,Gili Air Lombok,Gili Air Gili Air. Gili Indah. Pemenang. Kabupaten Lombok Utara. Nusa Tenggara Bar. 83321,Belum ada rating,182231,600000,-8.35067,116.0848023
753,https://s-light.tiket.photos/t/01E25EBZS3W0FY9GTG6C42E1SE/t_htl-dskt/tix-hotel/images-web/2022/08/09/ff2eab9d-4ea6-48f2-ae67-21e50dc65edc-1659983127144-faca6435b062d8d5600e4c0d07565c0f.jpg,OYO 3741 Mutiara Syariah 1,Hotel,Mataram Lombok,21. Jl. Bandung. TAMAN INDAH. Kel. Pagesangan. Lombok,3.1,115485,139514,-8.595217,116.105858
754,https://s-light.tiket.photos/t/01E25EBZS3W0FY9GTG6C42E1SE/t_htl-dskt/tix-hotel/images-web/2021/03/18/ee65e107-7c95-4bd3-8dea-ef491bd3bae2-1616075233838-3256f4d8089704c56055527362c02884.jpg,Gili Palms Resort,Resort,Gili Trawangan Lombok,Gili Trawangan. Gili Indah. Pemenang. North Lombok Regency. West Nusa Tenggara 83352. Indonesia,Belum ada rating,321300,760967,-8.345889,116.04092
755,https://s-light.tiket.photos/t/01E25EBZS3W0FY9GTG6C42E1SE/t_htl-dskt/tix-hotel/images-web/2020/10/28/98721ff6-96b8-4bdf-b632-d798e876c497-1603903118180-5ad7a6a4a639ede9c76d3bd145ec0e1b.jpg,Hotel Kubayan,Hotel,Mataram Lombok,Jl. Borobudur. Abian Tubuh Baru. Kec. Sandubaya. Kota Mataram. Nusa Tenggara Bar. 83232,3.0,198250,198250,-8.5964775,116.1261625
756,https://s-light.tiket.photos/t/01E25EBZS3W0FY9GTG6C42E1SE/t_htl-dskt/tix-hotel/images-web/2021/10/29/0ebcd55e-32e8-4113-8cd0-230f277fd67f-1635519923311-97e489a46ae99f6efbc9725113b87946.jpg,OYO 90672 Balakosa Hotel,Hotel,Mataram Lombok,20. Jalan Merak. Lingk. Karang Sampalaan. Kel. Cakranegara Barat. Mataram. Kec. Cakranegara. Nusa Tenggara Barat. 83239. Indonesia. Lombok,3.4,197452,202388,-8.584721,116.123736
757,https://s-light.tiket.photos/t/01E25EBZS3W0FY9GTG6C42E1SE/t_htl-dskt/hotel/2022/07/22/07f78f76-8ec7-4130-aa39-f5acc78e0188-1658439165804-d3015d073a87e6ddc7c6edee15dd25de.jpg,Fantastic Gili Hostel,Hostel,Gili Air Lombok,GILI AIR HIR HARBOUR MAIN STREET,Belum ada rating,175750,210000,-8.36306425908187,116.083323955536
758,https://s-light.tiket.photos/t/01E25EBZS3W0FY9GTG6C42E1SE/t_htl-dskt/tix-hotel/images-web/2020/10/31/ed107d73-643e-4e17-aa5a-6c346f07ded4-1604156438649-4e8a25ceb125025a2e653f1e446dfad0.jpg,Villa Tom and Jerry,Guest House,Batu Layar Lombok,Jl. Raya Senggigi. Kampung Dudek gang 3. Batu Bolong,Belum ada rating,300000,750000,-8.508629,116.062455
759,https://s-light.tiket.photos/t/01E25EBZS3W0FY9GTG6C42E1SE/t_htl-dskt/tix-hotel/images-web/2022/01/08/9940fb2d-9dae-4538-adc7-e70b3328eb57-1641653724264-ab7ea124208228720cd3fb1f592c708b.jpg,Paer Doe Bungalow RedPartner,Guest House,Sembalun Lombok,Jl. Wisata Gn. Rinjani. Sembalun Bumbung. Sembalun. Kabupaten Lombok Timur. Nusa Tenggara Bar. 83656. Indonesia,3.8,245000,560000,-8.397236,116.539954
760,https://s-light.tiket.photos/t/01E25EBZS3W0FY9GTG6C42E1SE/t_htl-dskt/tix-hotel/images-web/2022/03/10/855c356a-6a98-43ad-bfd6-920b89af4da3-1646911766935-51e32351c12ce8cdb524e2bf23fbc632.jpg,Footprints Backpacker,Hostel,Mataram Lombok,Ahmad Yani Street 7th. Mataram.Jalan Ahmad Yani No 7. Mataram,3.6,268341,525000,-8.5823102,116.14647760000003
761,https://s-light.tiket.photos/t/01E25EBZS3W0FY9GTG6C42E1SE/t_htl-dskt/tix-hotel/images-web/2021/05/28/47cb2158-fce8-470c-a18a-84872b90f96c-1622185509021-6ec3d4782ee4ed380d0e7331d0494128.jpg,Pakuna Beach Senggigi,Guest House,Batu Layar Lombok,Batu Layar. West Lombok Regency. West Nusa Tenggara. Indonesia,3.0,84000,120000,-8.524916,116.066195
762,https://s-light.tiket.photos/t/01E25EBZS3W0FY9GTG6C42E1SE/t_htl-dskt/tix-hotel/images-web/2020/12/07/54bb517c-5d76-4cf8-970d-d42070db2785-1607321816404-d9dfceddd464921298f627483b28e7a0.jpg,Indigenous Bungalow,Guest House,Gili Trawangan Lombok,Dusun Gili Trawangan RT 007. Desa Gili Indah. Kec. Pemenang. Kab. Lombok Utara. NTB,4.1,190000,250000,-8.34193229675293,116.03851318359375
763,https://s-light.tiket.photos/t/01E25EBZS3W0FY9GTG6C42E1SE/t_htl-dskt/tix-hotel/images-web/2021/02/25/114b3075-253f-46c5-a6ba-98c8f7327120-1614227109018-79197b51023b26d3c7610b6f6454e201.jpg,RedDoorz near Transmart Lombok Mataram,Hotel,Mataram Lombok,Jl. Aik Bukak No.12. Cakranegara Sel.. Kec. Cakranegara. Kota Mataram. Nusa Tenggara Bar. 83233. Indonesia,3.7,206534,269443,-8.59594,116.133093
764,https://s-light.tiket.photos/t/01E25EBZS3W0FY9GTG6C42E1SE/t_htl-dskt/tix-hotel/images-web/2020/10/08/06a16c74-76bf-403b-b864-00e834d873f3-1602159624063-0018e4ba685ff012ca9e78a4fbd3a97b.jpg,Zamzam anjani villa,Apartment,Praya Lombok,Jalan Selong Belanak - Kuta selong belanak praya lombok tengah nusa tenggara barat,Belum ada rating,325000,325000,-8.872440338134766,116.16802978515625
765,https://s-light.tiket.photos/t/01E25EBZS3W0FY9GTG6C42E1SE/t_htl-dskt/tix-hotel/images-web/2021/03/12/a3b935f8-94bb-4726-9a7a-d105a9c7d3ed-1615541732472-9aa52ed04b4b138c0fd4a7777d30d28e.jpg,OYO 1099 Bandini Riverside Cottage,Hotel,Gunung Sari Lombok,Jl.Meninting. Batu Layar. Lombok,4.4,133503,166667,-8.548673,116.080158
766,https://s-light.tiket.photos/t/01E25EBZS3W0FY9GTG6C42E1SE/t_htl-dskt/tix-hotel/images-web/2022/02/12/cc0bb8eb-650e-480d-9e61-e05d2328dda5-1644678965801-abf0d8b8915b199bc202b1b48ca868ed.jpg,Gili Bagaz Cottages,Cottage,Gili Trawangan Lombok,Jl. Ikan Duyung. Gili Indah. Pemenang. Kabupaten Lombok Utara. Nusa Tenggara Bar. 83352. Indonesia,4.9,312397,450000,-8.353062,116.041149
767,https://s-light.tiket.photos/t/01E25EBZS3W0FY9GTG6C42E1SE/t_htl-dskt/tix-hotel/images-web/2021/03/18/e318b8a6-978d-4179-9836-6c027a5ab73c-1616070352119-d56cd93bf32151c687007cd54adfb3bd.jpg,Norton Homestay Lombok,Hotel,Senggigi Lombok,Jalan Raya Senggigi Mangsit Km 10. 83355 Senggigi. Lombok. Indonesia,3.4,299439,299439,-8.476442,116.041379
768,https://s-light.tiket.photos/t/01E25EBZS3W0FY9GTG6C42E1SE/t_htl-dskt/tix-hotel/images-web/2020/12/12/e582bece-b74e-404c-a15b-fe38350dc585-1607748957380-dfbbaf180502d32f6a0aac61d27e60b0.jpg,Bintang Darmawan Villa (BDV),Hotel,Gili Trawangan Lombok,Jalan Kelapa,4.0,349524,551101,-8.351249694824219,116.04020690917969
769,https://s-light.tiket.photos/t/01E25EBZS3W0FY9GTG6C42E1SE/t_htl-dskt/tix-hotel/images-web/2020/12/08/e7255dc0-d94c-4c58-a47e-a7a4bd52b17e-1607437078344-15542dde7de12b0ce8191348734f56b4.jpg,Beach Box Bungalow,Hotel,Gili Trawangan Lombok,Gili Trawangan,Belum ada rating,220000,220000,-8.349379429609481,116.04189453274557
770,https://s-light.tiket.photos/t/01E25EBZS3W0FY9GTG6C42E1SE/t_htl-dskt/tix-hotel/images-web/2022/03/09/2f37d185-358a-4d4d-a70f-32f1d1a0a32b-1646844127504-bd3603547a25a0e00f0afa2836b0daab.jpg,Padanta Homestay,Guest House,Gili Trawangan Lombok,Jl. Ikan Duyung,3.6,194250,323438,-8.34920526418308,116.041377978399
771,https://s-light.tiket.photos/t/01E25EBZS3W0FY9GTG6C42E1SE/t_htl-dskt/tix-hotel/images-web/2021/10/15/6bc20f16-ecd0-4210-9556-de0a28364bed-1634299861942-491609e8a3e639ae7f3cfbecc161f2ff.jpg,Indah Homestay,Guest House,Batu Layar Lombok,Jl. Raya Senggigi. Gg. Kapitan. Kampung Loco.Jl. Raya Senggigi. Gg. kapitan. Kampung Loco,2.0,133599,306400,-8.50093746185303,116.051628112793
772,https://s-light.tiket.photos/t/01E25EBZS3W0FY9GTG6C42E1SE/t_htl-dskt/tix-hotel/images-web/2020/10/17/f3effae7-add9-401e-a4e7-3c33803f3862-1602892922909-1bf82e543b24ba95fee154010e0aa0ee.jpg,OYO 2191 Hotel Ganisfa,Hotel,Mataram Lombok,Jl. Pramuka No. 12X. RT.1/RW.RT.01. Mataram Bar.. Kec. Selaparang. Kota Mataram. Nusa Tenggara Bar. 83111. Indonesia. Mataram,Belum ada rating,178004,178004,-8.586003,116.104453
773,https://s-light.tiket.photos/t/01E25EBZS3W0FY9GTG6C42E1SE/t_htl-dskt/tix-hotel/images-web/2020/12/03/7186f68a-89c1-417c-93c0-dab345cb961a-1606981347941-ecd5b29f60887acb9d7c738adca7f804.jpg,Pondok Sunrise 2,Guest House,Gili Trawangan Lombok,Jalan Bulu Babi,4.0,153000,320000,-8.355409622192383,116.04045104980469
774,https://s-light.tiket.photos/t/01E25EBZS3W0FY9GTG6C42E1SE/t_htl-dskt/tix-hotel/images-web/2021/01/12/27c7b1d6-61f7-4f5d-a05b-f8c1a09426b0-1610435726091-80966cd396a4b34c565496adcf366c6e.jpg,N Villa Senggigi,Hotel,Batu Layar Lombok,Jl. Raya Senggigi. Batu Layar. Kab. Lombok Barat. Nusa Tenggara Barat. Indonesia,Belum ada rating,270000,469000,-8.511524,116.061489
775,https://s-light.tiket.photos/t/01E25EBZS3W0FY9GTG6C42E1SE/t_htl-dskt/tix-hotel/images-web/2021/10/29/c46a5051-15c1-466a-8568-49943cbaddf7-1635497026069-7021cd15b758051b82e87dc3d32ea872.jpg,Tommy Homestay,Homestay,Praya Lombok,Setanggor Timur. Desa Setanggor. Praya Barat. Lombok Tengah,4.0,180000,200000,-8.75974,116.226476
776,https://s-light.tiket.photos/t/01E25EBZS3W0FY9GTG6C42E1SE/t_htl-dskt/tix-hotel/images-web/2020/10/31/d56c68a8-2f00-4468-86f5-f478bcab78e4-1604120230388-71038aedeef3fd82dd25bae02910cf09.jpg,Mustika Ocean Lodge,Bungalow Privat,Gili Air Lombok,Gili Air. Indonesia. Gili Indah. Pemenang. Kabupaten Lombok Utara. Nusa Tenggara Bar. 83352. Indonesia,Belum ada rating,283433,318130,-8.360309,116.085096
777,https://s-light.tiket.photos/t/01E25EBZS3W0FY9GTG6C42E1SE/t_htl-dskt/tix-hotel/images-web/2020/10/29/28c6bf55-8074-4c11-96b1-e8c60f70bdd6-1603937423241-42e24fa83f53930b810049d2ead044d3.jpg,Santai Homestay,Guest House,Kuta Lombok,Jl. Baturiti I,Belum ada rating,250000,350000,-8.887999534606934,116.27223205566406
778,https://s-light.tiket.photos/t/01E25EBZS3W0FY9GTG6C42E1SE/t_htl-dskt/tix-hotel/images-web/2021/12/12/83359513-117c-4887-ac25-86ec54330c05-1639286420720-342ecb888c8412b9c92c799a48cf2dde.jpg,Batulayar Hotel,Hotel,Batu Layar Lombok,Jalan Raya Senggigi km.6 Batulayar Village,3.0,202125,231000,-8.53515688522509,116.070382297039
779,https://s-light.tiket.photos/t/01E25EBZS3W0FY9GTG6C42E1SE/t_htl-dskt/tix-hotel/images-web/2020/10/29/1cf3e308-f270-413d-aa1f-ea77f1569e37-1603909346702-f4506fd9dd77df1156483f7e7150b4ca.jpg,Gili Buana Hostel & Backpackers,Hostel,Gili Air Lombok,Jl. Matahari Gili Air. Kabupaten Utara. Nusa Tenggara Bar.. Gili Indah. Pemenang. Kabupaten Lombok Utara. Nusa Tenggara Bar. 83352. Indonesia,Belum ada rating,259999,380000,-8.357204,116.078084
780,https://s-light.tiket.photos/t/01E25EBZS3W0FY9GTG6C42E1SE/t_htl-dskt/tix-hotel/images-web/2022/01/07/97b27816-a87b-4732-8af1-c12c40c49f92-1641547523518-593dda691dff2fc256f49704e2542ed4.jpg,Eco Garden Resort RedPartner,Hotel,Jerowaru Lombok,Jl. TGH. Moh. Mutawalli. Pemongkong. Jerowaru. Kabupaten Lombok Timur. Nusa Tenggara Bar. 83672. Indonesia,Belum ada rating,159980,551250,-8.888911,116.462508
781,https://s-light.tiket.photos/t/01E25EBZS3W0FY9GTG6C42E1SE/t_htl-dskt/tix-hotel/images-web/2021/10/06/d47d29b8-90c5-4213-9793-2325a40648f4-1633501849838-433d85fde3282d5d2c7ab6c17d79661a.jpg,Lombok Mayura Hotel,Hotel,Mataram Lombok,Jl.Tenun No. 1 Mayura Cakranegara Mataram NTB,Belum ada rating,290000,320000,-8.58545,116.130055
782,https://s-light.tiket.photos/t/01E25EBZS3W0FY9GTG6C42E1SE/t_htl-dskt/tix-hotel/images-web/2020/10/31/5e33dabe-d4be-4f3a-8241-a5bac922ea8f-1604154505138-da7f83ff9c9a03b4ffbe5f6b994f30f0.jpg,OYO 1991 Pondok Wahyu,Hotel,Gili Trawangan Lombok,Jln. Pasar Seni. Kabupaten Lombok Utara,3.4,155375,461282,-8.35375,116.04094
783,https://s-light.tiket.photos/t/01E25EBZS3W0FY9GTG6C42E1SE/t_htl-dskt/tix-hotel/images-web/2020/12/09/1c7e1ae2-0a69-43dd-9c02-7041ac6f04b8-1607490345886-2d849134b8cab3c886565aed37890b69.jpg,Fantastic Hostel Gili,Hostel,Gili Air Lombok,Desa Gili Indah Kecamatan. Gili Air. West Nusa Tenggara. ID,Belum ada rating,319998,319998,-8.36303,116.083272
784,https://s-light.tiket.photos/t/01E25EBZS3W0FY9GTG6C42E1SE/t_htl-dskt/tix-hotel/images-web/2021/12/05/44e9165f-8fb2-412e-8442-a6ba7b6bfd2b-1638686432167-c5a18f2cab804388a909f13dcfcca9a9.jpg,Dewi Garden Guesthouse,Guest House,Kuta Lombok,Jalan Mawun. Mengalung Kuta Pujut. Lombok Tengah,5.0,210440,325000,-8.8871378,116.2716811
785,https://s-light.tiket.photos/t/01E25EBZS3W0FY9GTG6C42E1SE/t_htl-dskt/tix-hotel/images-web/2020/10/29/1ceb86db-cbb3-4fcd-8a88-122d5816cb63-1603908734488-e614a821c5c3d0d9281a02085955068f.jpg,Mandiri Homestay,Homestay,Batu Layar Lombok,Jalan Raya Senggigi Gang Arjuna I. Senggigi. Batu Layar. Senggigi. Batu Layar. Lombok. Nusa Tenggara Bar. 83355. Indonesia,Belum ada rating,209000,209000,-8.497764,116.049511
786,https://s-light.tiket.photos/t/01E25EBZS3W0FY9GTG6C42E1SE/t_htl-dskt/tix-hotel/images-web/2020/10/15/70826870-d469-4915-b2b7-c176ba004f9a-1602714041099-1de6141a56e7f2e02bd6082c0daa82a8.jpg,Deep House Bungalows,Bed & Breakfast,Gili Trawangan Lombok,Jl. Anemon,4.0,250000,250000,-8.352749824523926,116.04036712646484
787,https://s-light.tiket.photos/t/01E25EBZS3W0FY9GTG6C42E1SE/t_htl-dskt/tix-hotel/images-web/2022/09/10/9c0da7ff-4f43-4070-87f2-c8a05bba638f-1662780026973-ba8eb013156603cbc53a25f36fd153e3.jpg,Little Woodstock Homestay,Guest House,Gili Trawangan Lombok,Gili Trawangan,Belum ada rating,175750,185000,-8.35554027557373,116.039657592773
788,https://s-light.tiket.photos/t/01E25EBZS3W0FY9GTG6C42E1SE/t_htl-dskt/tix-hotel/images-web/2021/12/09/bed23f61-040c-420a-9a16-04406a356004-1639059628775-f37ccddb13b256d9f025d688c4d5cbbd.jpg,Sister Alfia Inn,Guest House,Gili Trawangan Lombok,Gili Trawangn.octopus street.Gili Trawangan.Jln.Gurita,4.0,134663,134663,-8.352107,116.043338
789,https://s-light.tiket.photos/t/01E25EBZS3W0FY9GTG6C42E1SE/t_htl-dskt/tix-hotel/images-web/2021/10/18/aa927a56-267e-4835-b495-75a1f8ab8a88-1634515253130-234c56c81381c96f85955c390061da7c.jpg,Coconut Dream Bungalow,Holiday Park,Gili Trawangan Lombok,Gili Trawangan,Belum ada rating,348300,402300,-8.353130340576172,116.042236328125
790,https://s-light.tiket.photos/t/01E25EBZS3W0FY9GTG6C42E1SE/t_htl-dskt/tix-hotel/images-web/2020/10/29/3c70fe90-c413-45f8-81f1-d20cc2275400-1603971014781-756b24ef6f04b55be323e6286e8377f8.jpg,Aryasuta Bungalow,Vacation Home,Sikur Lombok,Desa Kembang Kuning,5.0,350000,350000,-8.516059875488281,116.4223403930664
791,https://s-light.tiket.photos/t/01E25EBZS3W0FY9GTG6C42E1SE/t_htl-dskt/tix-hotel/images-web/2021/03/12/9faec953-1ff2-4329-aac2-3251e40952f8-1615563874260-229c3eeaed4bb0db7c3b4a0d1fff2b87.jpg,Reddoorz @ Bale Eja Syariah Senggigi,Hotel,Batu Layar Lombok,Jl. Otomotif Raya. Senteluk. Batu Layar. Kabupaten Lombok Barat. Nusa Tenggara Bar. 83355. Indonesia,Belum ada rating,139889,362753,-8.538927,116.074054
792,https://s-light.tiket.photos/t/01E25EBZS3W0FY9GTG6C42E1SE/t_htl-dskt/tix-hotel/images-web/2022/04/02/66f48b2b-4fca-4369-8858-0aa209ea3c5d-1648833958217-2646a3a370577084bcbd06cb2a6e511b.jpg,Alexyane Paradise Bungalow,Hotel,Gili Trawangan Lombok,Gili Trawangan,4.2,250000,499999,-8.355795034570825,116.04025840759277
793,https://s-light.tiket.photos/t/01E25EBZS3W0FY9GTG6C42E1SE/t_htl-dskt/tix-hotel/images-web/2022/02/28/79353793-7108-4342-8701-a61850bac5b3-1646034967835-8bfccd873a40b8967d3d27fa5eca5b5a.jpg,Sama - Sama Bungalows,Resort,Gili Trawangan Lombok,Gili Trawangan,5.0,292499,307499,-8.35282325744629,116.033477783203
794,https://s-light.tiket.photos/t/01E25EBZS3W0FY9GTG6C42E1SE/t_htl-dskt/tix-hotel/images-web/2021/12/06/98879dd4-5da2-4d87-87ec-1e3d526564c2-1638783076153-2b49eb93e47895bbccc8be2f8da9d4fc.jpg,White Rose Guest House,Guest House,Batu Layar Lombok,Jalan Baruna Santhi II No. 5. Lingkungan Tanah Embet. Batu Layar,5.0,259974,295000,-8.529277,116.071293
795,https://s-light.tiket.photos/t/01E25EBZS3W0FY9GTG6C42E1SE/t_htl-dskt/tix-hotel/images-web/2020/10/07/6ce96b25-c4b5-470d-8ca2-0d7233aa671c-1602022235024-b29512e4e69b873afd22704a41f5f34e.jpg,Asoka Homestay,Hotel,Batu Layar Lombok,,4.6,150000,150000,-8.500753402709961,116.05200958251953
796,https://s-light.tiket.photos/t/01E25EBZS3W0FY9GTG6C42E1SE/t_htl-dskt/tix-hotel/images-web/2020/10/15/f706c54b-7e36-40cf-b907-8de580e616fd-1602732644758-a780bcd6f25dec662453e3a11251153e.jpg,Mellow Hostel,Hostel,Kuta Lombok,Jalan Pariwisata Pantai Kuta,Belum ada rating,180000,180000,-8.889869689941406,116.27987670898438
797,https://s-light.tiket.photos/t/01E25EBZS3W0FY9GTG6C42E1SE/t_htl-dskt/tix-hotel/images-web/2020/11/01/e99d8a83-46e9-4470-b46a-f1236b8c9d02-1604174239669-062a287c3df2799593012800fbd1d1a5.jpg,Duyung Rooms and Resto,Homestay,Pujut Lombok,Gerupuk Desa Sengkol. Kab. Lombok Tengah. Pujut. Lombok - NTB,4.0,166928,329913,-8.911196,116.344472
798,https://s-light.tiket.photos/t/01E25EBZS3W0FY9GTG6C42E1SE/t_htl-dskt/tix-hotel/images-web/2021/11/06/c571787f-b6c3-4cc2-a03f-72a0b349585a-1636209038396-f07c9c9e9ace3f0fc9011b58043e9813.jpg,La Boheme Mini,Hostel,Gili Trawangan Lombok,Jl. Kelapa. Gili Indah. Pemenang,Belum ada rating,250000,250000,-8.35062026977539,116.04119110107422
799,https://s-light.tiket.photos/t/01E25EBZS3W0FY9GTG6C42E1SE/t_htl-dskt/tix-hotel/images-web/2020/10/31/79dc77ca-2eac-46e0-af16-c171ad3cdd74-1604121704414-e3f0f0cfe1a908d6dd804ca48d1ceb96.jpg,Bale Batoer Bungalow Gili Gede Indah,Bungalow,Gili Gede Lombok,Jl. Raya Sekotong. Gili Gede Indah. Sekotong Tengah. Kabupaten Lombok Barat. Nusa Tenggara Bar. 83365. Indonesia,Belum ada rating,222000,277680,-8.747558,115.920254
800,https://s-light.tiket.photos/t/01E25EBZS3W0FY9GTG6C42E1SE/t_htl-dskt/tix-hotel/images-web/2022/07/04/57db461d-96e6-48a6-b1b1-86f630d0ffc2-1656905912688-b4e60ec8e65096a3ddc40bcb75f03da5.jpg,The Rabbit Tree - Hostel,Hostel,Gili Meno Lombok,Kabupaten Lombok Utara. Gili Meno. West Nusa Tenggara. ID,Belum ada rating,259999,311999,-8.350544,116.057414
801,https://s-light.tiket.photos/t/01E25EBZS3W0FY9GTG6C42E1SE/t_htl-dskt/tix-hotel/images-web/2021/01/29/133b781c-f2e2-4e00-bdfb-7f8ffb5568ea-1611906908126-5c53f5849044e681167139f0a37ce11c.jpg,Ultimate Gili Gede,Villa,Gili Gede Lombok,Jl. Gili Gede. Karang Baru. Selaparang. Mataram City. West Nusa Tenggara. Indonesia,Belum ada rating,250000,2500000,-8.749317,115.929974
802,https://s-light.tiket.photos/t/01E25EBZS3W0FY9GTG6C42E1SE/t_htl-dskt/tix-hotel/images-web/2020/10/06/11bfdb74-3518-4a6b-ab08-54505ffc51ca-1601953049952-d01945d35a842da6aacc4143a6a6e382.jpg,Gili Air Garden,Bed & Breakfast,Gili Air Lombok,Gili Air. Gili Indah. Pemenang. Kabupaten Lombok Utara,Belum ada rating,299999,499999,-8.354080200195312,116.08550262451172
803,https://s-light.tiket.photos/t/01E25EBZS3W0FY9GTG6C42E1SE/t_htl-dskt/tix-hotel/images-web/2022/01/29/d8f7a005-2508-4004-8c5b-58318b6ba759-1643449239622-56547fe6bdb3d227dc20739ad92041d5.jpg,Aira Homestay RedPartner,Hotel,Mandalika Lombok,Jalan Mandalika Resort Pantai Putri Nyale. Jalan Mandalika Resort Pantai Putri Nyale. Sengkol. Pujut. 83573 Lombok Tengah. Indonesia,4.5,234000,292500,-8.910124,116.341778
804,https://s-light.tiket.photos/t/01E25EBZS3W0FY9GTG6C42E1SE/t_htl-dskt/tix-hotel/images-web/2021/10/08/e283f13a-7b84-4618-b7d7-c6b4f145c32f-1633668322459-cb795eeb59139af9df58f37e7b377b4e.jpg,Matra Bungalows at Desa Wisata Telebatu,Bungalow,Sikur Lombok,Jl. Pariwisata Baru. Selatan. Desa Tetebatu. Kec. Sikur. Tetebatu. Lombok Timur. Kabupaten Lombok Ti,Belum ada rating,215460,239400,-8.561358,116.420288
805,https://s-light.tiket.photos/t/01E25EBZS3W0FY9GTG6C42E1SE/t_htl-dskt/tix-hotel/images-web/2020/12/10/dd111226-3655-4c7d-9b36-5e2019468d55-1607553965415-a7a952f154fac472833f24b1c10d71cc.jpg,Si Pitung Village,Hotel,Gili Air Lombok,Jl. Si Pitung,Belum ada rating,254700,327999,-8.357819557189941,116.08402252197266
806,https://s-light.tiket.photos/t/01E25EBZS3W0FY9GTG6C42E1SE/t_htl-dskt/tix-hotel/images-web/2021/11/30/e3377351-d209-4f61-b030-5c9e9b4d195f-1638213025633-3d96fecbd0962a0f7afa417e1f664261.jpg,Banana Leaf Bungalow,Resort,Gili Trawangan Lombok,Gili Trawangan,3.6,273819,315000,-8.351910591125488,116.04237365722656
807,https://s-light.tiket.photos/t/01E25EBZS3W0FY9GTG6C42E1SE/t_htl-dskt/tix-hotel/images-web/2020/10/07/dcc51acd-c778-46c7-a71e-ca038e337ddd-1602087475735-2eb6a97069494af3502cef00a0e285c8.jpg,Banana Leaf Bungalows,Bed & Breakfast,Gili Trawangan Lombok,Jalan Gurita. Gili Trawangan. Lombok Utara. ID,Belum ada rating,299999,299999,-8.351823,116.042437
808,https://s-light.tiket.photos/t/01E25EBZS3W0FY9GTG6C42E1SE/t_htl-dskt/tix-hotel/images-web/2022/03/02/e0a069ca-b821-4771-b3e3-8f280118ef1a-1646204722626-ac6bd43dd793f4ccc6fbb68021155c77.jpg,Embun Rinjani Homestay Near Gunung Rinjani RedPartner,Hotel,Bayan Lombok,PC35+29Q. Bayan. North Lombok Regency. West Nusa Tenggara 83354. Indonesia,Belum ada rating,180975,180975,-8.297147,116.408862
809,https://s-light.tiket.photos/t/01E25EBZS3W0FY9GTG6C42E1SE/t_htl-dskt/tix-hotel/images-web/2022/09/08/2fb52219-ce24-48a3-9ece-a2c0a1633ffc-1662588865148-7ed2835282da0698f5c58433d110cfde.jpg,Panorama Cottages Beach Village,Resort,Jerowaru Lombok,Makam tompo ompo street RT.02 Ekas Buana Village. Sub-rict Jerowaru. Districts East Lombok. West Nusa Tenggara,Belum ada rating,249999,360000,-8.874148799999999,116.45461339999997
810,https://s-light.tiket.photos/t/01E25EBZS3W0FY9GTG6C42E1SE/t_htl-dskt/tix-hotel/images-web/2021/10/23/ac0a5b33-da8e-4056-b594-bb971ed8d605-1634941240142-5f181d28f1d5988f4509ea69cbaadfad.jpg,Tetebatu Sama Sama Bungalows,Holiday Park,Sikur Lombok,Tetebatu. Kampung Orong Gerisak West Nusa Tenggara,Belum ada rating,200000,350000,-8.541419982910156,116.41842651367188
811,https://s-light.tiket.photos/t/01E25EBZS3W0FY9GTG6C42E1SE/t_htl-dskt/tix-hotel/images-web/2020/10/16/5e165023-5602-45cf-930c-8bdcb2cc9d21-1602822678092-735378743f3b6aab782ccdc02088ee33.jpg,Pondok Tunas Rinjani,Guest House,Masbagik Lombok,Jalan Lintas Grilya Desa Lendang Nangka Kecamatan Masbagik Kabupaten Lombok Timur-NTB,4.0,210000,300000,-8.600459,116.451282
812,https://s-light.tiket.photos/t/01E25EBZS3W0FY9GTG6C42E1SE/t_htl-dskt/tix-hotel/images-web/2021/03/12/912ae1a5-2f51-4afc-98f8-360cb931055e-1615545348795-7b4fed02dd88edd8953768a1833c9800.jpg,OYO 1358 Rafi Homestay,Hotel,Gili Trawangan Lombok,Jl. Ikan Duyung. Gili Trawangan. Gili Indah. Pemenang. Kabupaten Lombok Utara,Belum ada rating,129319,358208,-8.352261,116.04195
813,https://s-light.tiket.photos/t/01E25EBZS3W0FY9GTG6C42E1SE/t_htl-dskt/tix-hotel/images-web/2020/11/18/a7c80f78-dd3f-4c2e-be71-4488d2091405-1605717256467-e4154e73d0555724e681b30f61796a23.jpg,Gili Divers Hotel,Hotel,Gili Trawangan Lombok,Gili Trawangan,Belum ada rating,350000,450000,-8.348489761352539,116.04277801513672
814,https://s-light.tiket.photos/t/01E25EBZS3W0FY9GTG6C42E1SE/t_htl-dskt/tix-hotel/images-web/2020/11/17/1b584692-c233-41be-a2fd-1f8c9a28c07c-1605547407243-994d09019981d295775bddfc05a037ff.jpg,Herry Homestay Kuta Lombok,Vacation Home,Kuta Lombok,Jl. Pariwisata Kuta-Mawun,3.7,165000,210000,-8.888139724731445,116.27201843261719
815,https://s-light.tiket.photos/t/01E25EBZS3W0FY9GTG6C42E1SE/t_htl-dskt/tix-hotel/images-web/2021/11/16/fffe968f-6265-4212-8a2f-d35c1873e0e7-1637049929354-7c70e72c334da729296b1c29ac2c459a.jpg,711 Gili Trawangan,Hotel,Gili Trawangan Lombok,Gili Trawangan. Gili Indah. Pemenang. Gili Indah. Pemenang. Kabupaten Lombok Utara. Nusa Tenggara Bar. 83352. Indonesia,Belum ada rating,131020,194350,-8.352383,116.041496
816,https://s-light.tiket.photos/t/01E25EBZS3W0FY9GTG6C42E1SE/t_htl-dskt/tix-hotel/images-web/2020/11/16/ef4f9c08-b34b-41cf-ba55-de9d842e2781-1605477602087-f2eebcba1a3aa099559f9993a6857b4e.jpg,Gili La Boheme Sister,Hostel,Gili Trawangan Lombok,Jl. Ikan Duyung. Gili Trawangan. Lombok. ID,Belum ada rating,279999,279999,-8.35064,116.04196
817,https://s-light.tiket.photos/t/01E25EBZS3W0FY9GTG6C42E1SE/t_htl-dskt/tix-hotel/images-web/2021/06/19/5bb814ad-ca04-4e57-85c5-a01239da59f2-1624075513868-e3932eac2ce9802181c018a48a7d91ea.jpg,Family Garden Homestay,Hotel,Senggigi Lombok,Jalan raya senggigi gang mandalika desa senggg kecamatan batu layar,3.7,169750,374999,-8.494958,116.047307
818,https://s-light.tiket.photos/t/01E25EBZS3W0FY9GTG6C42E1SE/t_htl-dskt/tix-hotel/images-web/2021/11/17/ab0e6565-08cb-4c01-81d3-84a1d7130993-1637144132999-74a36deab6b5bb7cf462ae92123db35b.jpg,Langko 48 RedPartner,Hotel,Mataram Lombok,Jl. Langko No.77. Taman Sari. Kec. Ampenan. Kota Mataram. Nusa Tenggara Bar. 83112. Indonesia,4.0,104132,150000,-8.577945,116.086762
819,https://s-light.tiket.photos/t/01E25EBZS3W0FY9GTG6C42E1SE/t_htl-dskt/tix-hotel/images-web/2021/12/14/2b5cc060-4e36-4b44-bd20-9d3c16f9c575-1639462819668-b86225091d4bb6c57a057fa0f80a5c82.jpg,Mirna Homestay,Guest House,Gili Air Lombok,Gili Air. Desa Gili Indah Kecamatan Pemenang,4.0,250000,350000,-8.356619834899902,116.08361053466797
820,https://s-light.tiket.photos/t/01E25EBZS3W0FY9GTG6C42E1SE/t_htl-dskt/tix-hotel/images-web/2021/11/22/b2fcb640-e41d-4134-81bf-a6f60f704042-1637545542424-ce58eb404e6712e1a4d0dd34bd649781.jpg,Aquaddiction,Cottage Privat,Gili Trawangan Lombok,Jalan Gili Trawangan. Gili Trawangan. Lombok NTB. Gili Trawangan. Gili Islands. Nusa Tenggara Barat. Indonesia. 83552,2.3,330000,330000,-8.352124,116.044066
821,https://s-light.tiket.photos/t/01E25EBZS3W0FY9GTG6C42E1SE/t_htl-dskt/tix-hotel/images-web/2021/10/25/274d241d-d876-4611-8fb2-5f8b44b3e638-1635096660098-699e126d24971b8d3e0476fc0396d80e.jpg,Sawe Homestay,Guest House,Kuta Lombok,Jln. Sawe-Batu Riti Kuta Pujut,5.0,120000,170001,-8.88541086624156,116.27835273742676
822,https://s-light.tiket.photos/t/01E25EBZS3W0FY9GTG6C42E1SE/t_htl-dskt/tix-hotel/images-web/2022/08/24/4df11c44-4299-4d64-91e3-91b91e4d4fc1-1661328471531-256c3f87e3302299d18521a8ad01682f.jpg,Kusuka Bungalow,Guest House,Gili Trawangan Lombok,Jln. Gili Trawangan ,3.2,237500,261250,-8.351849555969238,116.04414367675781
823,https://s-light.tiket.photos/t/01E25EBZS3W0FY9GTG6C42E1SE/t_htl-dskt/tix-hotel/images-web/2021/11/16/0e311ca8-9d92-4149-ad18-5eda9c0c02cf-1637032545420-a22d2899654e11f6600a0aed6b3b8b22.jpg,Crispy Cool Homestay,Hotel,Pujut Lombok,463M+Q2M. Tumpak. Pujut. Central Lombok Regency. West Nusa Tenggara 83572. Indonesia,4.2,150000,337500,-8.895538,116.232532
824,https://s-light.tiket.photos/t/01E25EBZS3W0FY9GTG6C42E1SE/t_htl-dskt/tix-hotel/images-web/2022/08/02/4b440c46-4dde-4ed9-ab4f-9d390aa3c4d1-1659432934908-c7d4e832430ca6c2fa47ebf91a853f89.jpg,Bukit Garden Gili Trawangan RedPartner,Guest House,Gili Trawangan Lombok,Jl.Sunset Road. Gili indah. Gili Trawangan,Belum ada rating,152100,152100,-8.353556,116.040465
825,https://s-light.tiket.photos/t/01E25EBZS3W0FY9GTG6C42E1SE/t_htl-dskt/tix-hotel/images-web/2022/08/19/64698528-56a9-4510-a4e7-3cdb0a9e0949-1660891020937-837e01323fee38a5b904ab40bba72825.jpg,The Joe Bungalow,Hotel,Gili Trawangan Lombok,Jalan Pantai Gili Trawangan,4.5,95000,109250,-8.342940330505371,116.03987121582031
826,https://s-light.tiket.photos/t/01E25EBZS3W0FY9GTG6C42E1SE/t_htl-dskt/tix-hotel/images-web/2021/11/26/09e0b832-69dd-4064-9182-e76b0cbb65a7-1637912726143-8f3ac00d82b7ca7a6f13c5ac2d8476ab.jpg,Bale Oma Camp & Cottage,Villa,Sembalun Lombok,Jl. Lingkar Wisatani Bawak Nao. Sajang. Sembalun. Kabupaten Lombok Timur. Nusa Tenggara Barat,4.2,286000,286000,-8.336449,116.497057
827,https://s-light.tiket.photos/t/01E25EBZS3W0FY9GTG6C42E1SE/t_htl-dskt/tix-hotel/images-web/2021/11/19/a6ea6ae4-eef4-41ad-889a-bdc2513e4c44-1637284894929-368371ca09261df1bbed8b53224cd993.jpg,elisa homestay areguling,Bungalow,Pujut Lombok,,4.2,255000,255000,-8.898374265861413,116.23856827053825
828,https://s-light.tiket.photos/t/01E25EBZS3W0FY9GTG6C42E1SE/t_htl-dskt/tix-hotel/images-web/2020/10/31/04580bb4-2420-48a2-aedd-f42dd34ce108-1604120455874-ae62aafbd7d1a16af86a0d818a444f24.jpg,Dinoyin Bungalow,Bungalow,Gili Meno Lombok,Jalan Bangsal Gili Meno. Gili Meno.. Gili Indah. Pemenang. North Lombok Regency. West Nusa Tenggara 83352,Belum ada rating,188100,198000,-8.354022,116.05848
829,https://s-light.tiket.photos/t/01E25EBZS3W0FY9GTG6C42E1SE/t_htl-dskt/tix-hotel/images-web/2021/09/27/731947d8-d1a8-4a72-9c44-057be9c9ae83-1632757446131-6dc0348f5cba07491db2e90d9df97e4b.jpg,Villa Phyphy,Guest House,Gili Trawangan Lombok,Kepiting Street No 1.Jalan Kepiting No. 1,Belum ada rating,242250,255000,-8.352461814880371,116.04033660888672
830,https://s-light.tiket.photos/t/01E25EBZS3W0FY9GTG6C42E1SE/t_htl-dskt/tix-hotel/images-web/2020/10/15/f86dab72-5150-4435-8525-65965f7113c0-1602756084110-bff39e68bfb31bede6d2e8ca6894a314.jpg,Gili Lampu Homestay,Guest House,Sambelia Lombok,Jalan Raya Sambelia Kampung transad desa padak guar sambelia lombok timur,Belum ada rating,252000,279999,-8.412150382995605,116.70841217041016
831,https://s-light.tiket.photos/t/01E25EBZS3W0FY9GTG6C42E1SE/t_htl-dskt/tix-hotel/images-web/2021/11/15/6e6dae07-8b0d-4579-8d15-622618cd8478-1636917058003-f8bf41a86f3ecf3ab1948efbb4d9e214.jpg,Sagita Bungalow,Guest House,Gili Trawangan Lombok,Jl. Pantai Gili Trawangan. Gili Indah. Gili Trawangan. Pemenang. Kabupaten Lombok Utara. Nusa Tenggara Barat,Belum ada rating,158395,261510,-8.352298,116.04357
