,Hotel Image,Hotel Name,Tipe Properti,City,Address,Hotel Rating,Min,Max,Lattitute,Longitude,Map Link,Hotel Link
319,https://s-light.tiket.photos/t/01E25EBZS3W0FY9GTG6C42E1SE/t_htl-dskt/tix-hotel/images-web/2020/10/14/6df9a866-5f5d-4f88-a398-968299b54f53-1602661870341-62d30f5a3b5904e7ac0bbddf83e5130c.jpg,Pari Solata Seaview Homestay Syariah,Guest House,Kepulauan Seribu Selatan Kepulauan Seribu,Jl. Jalan Dermaga Pulau Pari no.2. Pulau Pari. Kec. Kepulauan Seribu Selatan. Kel. Pulau Pari,3.5,349999,709201,-5.858170032501221,106.62001037597656,"https://maps.googleapis.com/maps/api/staticmap?key=AIzaSyB67q8ThLbgVsPCbfRoWQSEusBjpnj8Bus&center=-5.85717003250122,106.62001037597656&zoom=15&size=560x130&maptype=roadmap&markers=|icon:https://s-light.tiket.photos/t/01E25EBZS3W0FY9GTG6C42E1SE/original/tix-hotel/static/2021/01/04/bdfe4915-e5ba-49b3-af26-d83965625530-1609757621407-783f2d783ff4034d48e4bd9f9ff91bff.png|-5.858170032501221,106.62001037597656",https://www.tiket.com/hotel/indonesia/pari-solata-seaview-homestay-syariah-310001602355659892?checkin=2022-10-11&checkout=2022-10-12&room=1&adult=2&soldOut=false
320,https://s-light.tiket.photos/t/01E25EBZS3W0FY9GTG6C42E1SE/t_htl-dskt/tix-hotel/images-web/2020/10/31/a3cb68b5-c62a-4e7a-97f3-4d124e23d198-1604120509868-e25b54b2317c10fc1cf3c19b68c8782e.jpg,Pulau Tidung Sera Homestay,Homestay,Kepulauan Seribu Selatan Kepulauan Seribu,Tidung Island. South Kepulauan Seribu. Kepulauan Seribu Regency. Jakarta. Indonesia,4.3,300000,350000,-5.7984519,106.5005529,"https://maps.googleapis.com/maps/api/staticmap?key=AIzaSyB67q8ThLbgVsPCbfRoWQSEusBjpnj8Bus&center=-5.7974518999999995,106.5005529&zoom=15&size=560x130&maptype=roadmap&markers=|icon:https://s-light.tiket.photos/t/01E25EBZS3W0FY9GTG6C42E1SE/original/tix-hotel/static/2021/01/04/bdfe4915-e5ba-49b3-af26-d83965625530-1609757621407-783f2d783ff4034d48e4bd9f9ff91bff.png|-5.7984519,106.5005529",https://www.tiket.com/hotel/indonesia/sera-homestay-pulau-tidung-109001537352171813?checkin=2022-10-11&checkout=2022-10-12&room=1&adult=2&soldOut=false
321,https://s-light.tiket.photos/t/01E25EBZS3W0FY9GTG6C42E1SE/t_htl-dskt/tix-hotel/images-web/2022/02/18/eee91110-90c2-426b-b624-510213629b49-1645185320559-cb0cd2adcccf3cb26d6604ab1237801c.jpg,Fadila Homestay RedPartner,Guest House,Kepulauan Seribu Utara Kepulauan Seribu,Pulau panggang RT 02/03. Pulau Panggang. Kepulauan Seribu Utara. Kab. Administrasi Kepulauan Seribu. Daerah Khusus Ibukota Jakarta 14530. Indonesia,Belum ada rating,251406,455000,-5.738747,106.600396,"https://maps.googleapis.com/maps/api/staticmap?key=AIzaSyB67q8ThLbgVsPCbfRoWQSEusBjpnj8Bus&center=-5.737747,106.600396&zoom=15&size=560x130&maptype=roadmap&markers=|icon:https://s-light.tiket.photos/t/01E25EBZS3W0FY9GTG6C42E1SE/original/tix-hotel/static/2021/01/04/bdfe4915-e5ba-49b3-af26-d83965625530-1609757621407-783f2d783ff4034d48e4bd9f9ff91bff.png|-5.738747,106.600396",https://www.tiket.com/hotel/indonesia/fadila-homestay-redpartner-502001645167906770?checkin=2022-10-11&checkout=2022-10-12&room=1&adult=2&soldOut=false
322,https://s-light.tiket.photos/t/01E25EBZS3W0FY9GTG6C42E1SE/t_htl-dskt/tix-hotel/images-web/2021/12/15/a86153ca-e35d-42a5-b6ea-0957ca54884c-1639544119879-802237f7bcd4bb2988542600a1ca8907.jpg,Arwana Homestay Syariah RedPartner,Hotel,Kepulauan Seribu Selatan Kepulauan Seribu,2PC4+XWV. Untungjawa Island. South Kepulauan Seribu. Kepulauan Seribu Regency. Jakarta. Indonesia,Belum ada rating,251892,1164800,-5.977501,106.707247,"https://maps.googleapis.com/maps/api/staticmap?key=AIzaSyB67q8ThLbgVsPCbfRoWQSEusBjpnj8Bus&center=-5.976501,106.707247&zoom=15&size=560x130&maptype=roadmap&markers=|icon:https://s-light.tiket.photos/t/01E25EBZS3W0FY9GTG6C42E1SE/original/tix-hotel/static/2021/01/04/bdfe4915-e5ba-49b3-af26-d83965625530-1609757621407-783f2d783ff4034d48e4bd9f9ff91bff.png|-5.977501,106.707247",https://www.tiket.com/hotel/indonesia/arwana-homestay-syariah-redpartner-412001639976778690?checkin=2022-10-11&checkout=2022-10-12&room=1&adult=2&soldOut=false
323,https://s-light.tiket.photos/t/01E25EBZS3W0FY9GTG6C42E1SE/t_htl-dskt/tix-hotel/images-web/2021/12/24/17fef9db-56d1-443e-a0e4-eb297f709283-1640333428496-aaea8b68e20132f793472b171aee13c8.jpg,Harapan Solata Homestay Syariah,Hotel,Kepulauan Seribu Utara Kepulauan Seribu,Jalan Ikan Marlin RT 02 RW 01 26,3.0,564160,819999,-5.6528000831604,106.5765609741211,"https://maps.googleapis.com/maps/api/staticmap?key=AIzaSyB67q8ThLbgVsPCbfRoWQSEusBjpnj8Bus&center=-5.6518000831604,106.5765609741211&zoom=15&size=560x130&maptype=roadmap&markers=|icon:https://s-light.tiket.photos/t/01E25EBZS3W0FY9GTG6C42E1SE/original/tix-hotel/static/2021/01/04/bdfe4915-e5ba-49b3-af26-d83965625530-1609757621407-783f2d783ff4034d48e4bd9f9ff91bff.png|-5.6528000831604,106.5765609741211",https://www.tiket.com/hotel/indonesia/harapan-solata-homestay-syariah-310001602351473555?checkin=2022-10-11&checkout=2022-10-12&room=1&adult=2&soldOut=false
324,https://s-light.tiket.photos/t/01E25EBZS3W0FY9GTG6C42E1SE/t_htl-dskt/tix-hotel/images-web/2022/02/23/6fbeed8e-ef98-49fa-a561-3965a592521f-1645613123712-09924926aed0e56f819b5426b6b59ea6.jpg,Mutiara Tidung Resort ,Bungalow,Kepulauan Seribu Selatan Kepulauan Seribu,Jln. Pantai Timur Rt.07 Rw.02 Kelurahan Pulau Tidung .Kecamatan Kepulauan Seribu Selatan . Kabupaten Administrasi Kepulauan Seribu . DKI Jakarta,4.0,171389,536250,-5.801558,106.506782,"https://maps.googleapis.com/maps/api/staticmap?key=AIzaSyB67q8ThLbgVsPCbfRoWQSEusBjpnj8Bus&center=-5.800558,106.506782&zoom=15&size=560x130&maptype=roadmap&markers=|icon:https://s-light.tiket.photos/t/01E25EBZS3W0FY9GTG6C42E1SE/original/tix-hotel/static/2021/01/04/bdfe4915-e5ba-49b3-af26-d83965625530-1609757621407-783f2d783ff4034d48e4bd9f9ff91bff.png|-5.801558,106.506782",https://www.tiket.com/hotel/indonesia/mutiara-tidung-resort--310001603794196123?checkin=2022-10-11&checkout=2022-10-12&room=1&adult=2&soldOut=false
325,https://s-light.tiket.photos/t/01E25EBZS3W0FY9GTG6C42E1SE/t_htl-dskt/tix-hotel/images-web/2021/03/12/5a31c1ba-62a6-45d0-b344-fc594bf3027b-1615562784061-b465037d01bffc835b0d23865e91ef9e.jpg,Kamar Pluit By Beranda Istirahat,Guest House,Penjaringan Jakarta Utara,Jl. Pluit Tim. Raya No.11B. RT.10/RW.9. Pluit. Kec. Penjaringan. Kota Jkt Utara. Daerah Khusus Ibukota Jakarta 14450,3.4,202500,225000,-6.119089,106.793696,"https://maps.googleapis.com/maps/api/staticmap?key=AIzaSyB67q8ThLbgVsPCbfRoWQSEusBjpnj8Bus&center=-6.1180889999999994,106.793696&zoom=15&size=560x130&maptype=roadmap&markers=|icon:https://s-light.tiket.photos/t/01E25EBZS3W0FY9GTG6C42E1SE/original/tix-hotel/static/2021/01/04/bdfe4915-e5ba-49b3-af26-d83965625530-1609757621407-783f2d783ff4034d48e4bd9f9ff91bff.png|-6.119089,106.793696",https://www.tiket.com/hotel/indonesia/kamar-pluit-by-beranda-istirahat-310001602362371760?checkin=2022-10-11&checkout=2022-10-12&room=1&adult=2&soldOut=false
326,https://s-light.tiket.photos/t/01E25EBZS3W0FY9GTG6C42E1SE/t_htl-dskt/tix-hotel/images-web/2021/10/16/7f9556f1-1299-46d9-9d3c-13abdf5c778c-1634366424953-f736c44b7a36c46aa0aad7365e94a5f9.jpg,Grandboutique-Inn,Apartment,Penjaringan Jakarta Utara,grandboutique-inn.Jl. Pluit karang ayu blok B1 Utara Greenbay Pluit Tower B-LGM-30 North Jakarta. 14450. Indonesia,3.5,475500,475500,-6.108740999999999,106.7788116,"https://maps.googleapis.com/maps/api/staticmap?key=AIzaSyB67q8ThLbgVsPCbfRoWQSEusBjpnj8Bus&center=-6.107740999999999,106.7788116&zoom=15&size=560x130&maptype=roadmap&markers=|icon:https://s-light.tiket.photos/t/01E25EBZS3W0FY9GTG6C42E1SE/original/tix-hotel/static/2021/01/04/bdfe4915-e5ba-49b3-af26-d83965625530-1609757621407-783f2d783ff4034d48e4bd9f9ff91bff.png|-6.108740999999999,106.7788116",https://www.tiket.com/hotel/indonesia/grandboutiqueinn-405001621303691129?checkin=2022-10-11&checkout=2022-10-12&room=1&adult=2&soldOut=false
327,https://s-light.tiket.photos/t/01E25EBZS3W0FY9GTG6C42E1SE/t_htl-dskt/tix-hotel/images-web/2022/09/16/37f2f8cd-eabe-4e5c-9b1b-016d4e513f5a-1663299941564-04bb5d106077c589dd9a7971804121b0.jpg,Studio Apartemen Baywalk Green Bay Pluit Estetika Nyaman,Apartment,Penjaringan Jakarta Utara,l. Pluit Karang Ayu 1 No.B1. RT.20/RW.2. Pluit. Kec. Penjaringan. Kota Jkt Utara. Daerah Khusus Ibukota Jakarta 14450,Belum ada rating,268000,268000,-6.108622,106.778157,"https://maps.googleapis.com/maps/api/staticmap?key=AIzaSyB67q8ThLbgVsPCbfRoWQSEusBjpnj8Bus&center=-6.107622,106.778157&zoom=15&size=560x130&maptype=roadmap&markers=|icon:https://s-light.tiket.photos/t/01E25EBZS3W0FY9GTG6C42E1SE/original/tix-hotel/static/2021/01/04/bdfe4915-e5ba-49b3-af26-d83965625530-1609757621407-783f2d783ff4034d48e4bd9f9ff91bff.png|-6.108622,106.778157",https://www.tiket.com/hotel/indonesia/studio-apartemen-baywalk-green-bay-pluit-estetika-nyaman-509001663299931179?checkin=2022-10-11&checkout=2022-10-12&room=1&adult=2&soldOut=false
328,https://s-light.tiket.photos/t/01E25EBZS3W0FY9GTG6C42E1SE/t_htl-dskt/tix-hotel/images-web/2020/10/28/cfc2ace5-5a8b-48fa-a746-a34c9682fd7e-1603886167024-c857c98231cfa4c0125871d49442767a.jpg,Neo Hotel Mangga Dua by ASTON,Hotel,Ancol Jakarta Utara,<p>Gunung Sahari Raya no.1. Rukan Mangga Dua Square Blok A No. 10</p>,4.1,357689,553212,-6.135813,106.830974,"https://maps.googleapis.com/maps/api/staticmap?key=AIzaSyB67q8ThLbgVsPCbfRoWQSEusBjpnj8Bus&center=-6.134812999999999,106.830974&zoom=15&size=560x130&maptype=roadmap&markers=|icon:https://s-light.tiket.photos/t/01E25EBZS3W0FY9GTG6C42E1SE/original/tix-hotel/static/2021/01/04/bdfe4915-e5ba-49b3-af26-d83965625530-1609757621407-783f2d783ff4034d48e4bd9f9ff91bff.png|-6.135813,106.830974",https://www.tiket.com/hotel/indonesia/neo-hotel-mangga-dua-108001534490302487?checkin=2022-10-11&checkout=2022-10-12&room=1&adult=2&soldOut=false
329,https://s-light.tiket.photos/t/01E25EBZS3W0FY9GTG6C42E1SE/t_htl-dskt/tix-hotel/images-web/2020/10/31/816d03a8-2feb-4f07-93ab-8834db64cba5-1604150080490-1107e37f0bf7ad06789bd4ed044d8de2.jpg,DAERA Smarthomm Ancol Jakarta,Hotel,Ancol Jakarta Utara,Jl. R. E. Martadinata No.12. RT.6/RW.5. Kota Tua. Ancol. Pademangan. Kota Jkt Utara. Daerah Khusus Ibukota Jakarta 14430. Indonesia,4.1,250000,400000,-6.13114,106.82808,"https://maps.googleapis.com/maps/api/staticmap?key=AIzaSyB67q8ThLbgVsPCbfRoWQSEusBjpnj8Bus&center=-6.13014,106.82808&zoom=15&size=560x130&maptype=roadmap&markers=|icon:https://s-light.tiket.photos/t/01E25EBZS3W0FY9GTG6C42E1SE/original/tix-hotel/static/2021/01/04/bdfe4915-e5ba-49b3-af26-d83965625530-1609757621407-783f2d783ff4034d48e4bd9f9ff91bff.png|-6.13114,106.82808",https://www.tiket.com/hotel/indonesia/smarthomm-hotel-108001534490374134?checkin=2022-10-11&checkout=2022-10-12&room=1&adult=2&soldOut=false
330,https://s-light.tiket.photos/t/01E25EBZS3W0FY9GTG6C42E1SE/t_htl-dskt/tix-hotel/images-web/2021/11/04/7264d9ad-0c15-41dc-9a8c-07c4232c6354-1636010136015-c14991da75c7f1031204e119bb438dc4.jpg,Cordex Hotel Ancol,Hotel,Ancol Jakarta Utara,Jalan Lodan Raya No.2 . Lodan Center Complex Blok A/9. Ancol. Jakarta,4.3,285000,285000,-6.1298857,106.817011,"https://maps.googleapis.com/maps/api/staticmap?key=AIzaSyB67q8ThLbgVsPCbfRoWQSEusBjpnj8Bus&center=-6.1288857,106.817011&zoom=15&size=560x130&maptype=roadmap&markers=|icon:https://s-light.tiket.photos/t/01E25EBZS3W0FY9GTG6C42E1SE/original/tix-hotel/static/2021/01/04/bdfe4915-e5ba-49b3-af26-d83965625530-1609757621407-783f2d783ff4034d48e4bd9f9ff91bff.png|-6.1298857,106.817011",https://www.tiket.com/hotel/indonesia/cordex-hotel-ancol-108001534490327076?checkin=2022-10-11&checkout=2022-10-12&room=1&adult=2&soldOut=false
331,https://s-light.tiket.photos/t/01E25EBZS3W0FY9GTG6C42E1SE/t_htl-dskt/tix-hotel/images-web/2022/05/27/ca0331ff-6ad8-4c45-922d-0aea46a6715e-1653654917359-822605b815730273bd55d0d805dc6e37.jpg,Hotel Aruni Ancol,Hotel,Ancol Jakarta Utara,Jl. R. E. Martadinata No.10. RW.4. Ancol. Kec. Pademangan. Kota Jkt Utara. Daerah Khusus Ibukota Jakarta 14430,3.6,155569,400000,-6.131233,106.826658,"https://maps.googleapis.com/maps/api/staticmap?key=AIzaSyB67q8ThLbgVsPCbfRoWQSEusBjpnj8Bus&center=-6.130233,106.826658&zoom=15&size=560x130&maptype=roadmap&markers=|icon:https://s-light.tiket.photos/t/01E25EBZS3W0FY9GTG6C42E1SE/original/tix-hotel/static/2021/01/04/bdfe4915-e5ba-49b3-af26-d83965625530-1609757621407-783f2d783ff4034d48e4bd9f9ff91bff.png|-6.131233,106.826658",https://www.tiket.com/hotel/indonesia/hotel-aruni-ancol-506001654409726061?checkin=2022-10-11&checkout=2022-10-12&room=1&adult=2&soldOut=false
332,https://s-light.tiket.photos/t/01E25EBZS3W0FY9GTG6C42E1SE/t_htl-dskt/tix-hotel/images-web/2021/03/12/0b11093a-58ee-4ebd-b964-9eb9ea84b31f-1615563181523-6750da3e1bef1402389435e16685d9bc.jpg,OYO 3735 Liv Hotel,Hotel,Ancol Jakarta Utara,4. Jl. R. E. Martadinata No.12M. RT.6/RW.5. Ancol. Jakarta. Kota Jkt Utara. Daerah Khusus Ibukota Jakarta,3.9,184256,212263,-6.131254,106.8277618,"https://maps.googleapis.com/maps/api/staticmap?key=AIzaSyB67q8ThLbgVsPCbfRoWQSEusBjpnj8Bus&center=-6.130254,106.8277618&zoom=15&size=560x130&maptype=roadmap&markers=|icon:https://s-light.tiket.photos/t/01E25EBZS3W0FY9GTG6C42E1SE/original/tix-hotel/static/2021/01/04/bdfe4915-e5ba-49b3-af26-d83965625530-1609757621407-783f2d783ff4034d48e4bd9f9ff91bff.png|-6.131254,106.8277618",https://www.tiket.com/hotel/indonesia/oyo-3735-liv-hotel-412001639107864767?checkin=2022-10-11&checkout=2022-10-12&room=1&adult=2&soldOut=false
333,https://s-light.tiket.photos/t/01E25EBZS3W0FY9GTG6C42E1SE/t_htl-dskt/tix-hotel/images-web/2022/09/05/aec66fc3-8a2d-477d-b4ca-c9e8bcb55d6a-1662321648111-2bd8c34ee34d6b167d24473d03bead1b.jpg,SmartHomm Hotel,Hotel,Ancol Jakarta Utara,Jalan R E Martadinata no. 12A,4.2,180000,360000,-6.131139699999999,106.82808039999998,"https://maps.googleapis.com/maps/api/staticmap?key=AIzaSyB67q8ThLbgVsPCbfRoWQSEusBjpnj8Bus&center=-6.130139699999999,106.82808039999998&zoom=15&size=560x130&maptype=roadmap&markers=|icon:https://s-light.tiket.photos/t/01E25EBZS3W0FY9GTG6C42E1SE/original/tix-hotel/static/2021/01/04/bdfe4915-e5ba-49b3-af26-d83965625530-1609757621407-783f2d783ff4034d48e4bd9f9ff91bff.png|-6.131139699999999,106.82808039999998",https://www.tiket.com/hotel/indonesia/smarthomm-hotel-303001583319049888?checkin=2022-10-11&checkout=2022-10-12&room=1&adult=2&soldOut=false
334,https://s-light.tiket.photos/t/01E25EBZS3W0FY9GTG6C42E1SE/t_htl-dskt/tix-hotel/images-web/2021/02/10/0e714a5d-a12a-4d56-a00e-b642beb13f96-1612957513592-0620f02ec2605427fc4a29541e73edbf.jpg,Ancol Homestay,Hotel,Ancol Jakarta Utara,Jl. Lodan Raya No.2. RT.8/RW.11. Kota Tua. Ancol. Kec. Pademangan. Kota Jkt Utara. Daerah Khusus Ibukota Jakarta 14430. Indonesia,2.5,250000,250000,-6.128982,106.829017,"https://maps.googleapis.com/maps/api/staticmap?key=AIzaSyB67q8ThLbgVsPCbfRoWQSEusBjpnj8Bus&center=-6.127981999999999,106.829017&zoom=15&size=560x130&maptype=roadmap&markers=|icon:https://s-light.tiket.photos/t/01E25EBZS3W0FY9GTG6C42E1SE/original/tix-hotel/static/2021/01/04/bdfe4915-e5ba-49b3-af26-d83965625530-1609757621407-783f2d783ff4034d48e4bd9f9ff91bff.png|-6.128982,106.829017",https://www.tiket.com/hotel/indonesia/ancol-homestay-308001598526013897?checkin=2022-10-11&checkout=2022-10-12&room=1&adult=2&soldOut=false
335,https://s-light.tiket.photos/t/01E25EBZS3W0FY9GTG6C42E1SE/t_htl-dskt/tix-hotel/images-web/2021/08/30/deb8611a-438e-4e23-85f0-2176d507e88d-1630311328684-ef541d03e8e0a2dd8ee513c22ff9bc35.jpg,Nusalink Near Ancol,Hotel,Ancol Jakarta Utara,Jl.RE Martadinata No.12ABC. Kel.Ancol. Kec.Pademangan. Jakarta . Indonesia,Belum ada rating,275999,442999,-6.131944,106.822874,"https://maps.googleapis.com/maps/api/staticmap?key=AIzaSyB67q8ThLbgVsPCbfRoWQSEusBjpnj8Bus&center=-6.1309439999999995,106.822874&zoom=15&size=560x130&maptype=roadmap&markers=|icon:https://s-light.tiket.photos/t/01E25EBZS3W0FY9GTG6C42E1SE/original/tix-hotel/static/2021/01/04/bdfe4915-e5ba-49b3-af26-d83965625530-1609757621407-783f2d783ff4034d48e4bd9f9ff91bff.png|-6.131944,106.822874",https://www.tiket.com/hotel/indonesia/nusalink-near-ancol-410001635521091457?checkin=2022-10-11&checkout=2022-10-12&room=1&adult=2&soldOut=false
336,https://s-light.tiket.photos/t/01E25EBZS3W0FY9GTG6C42E1SE/t_htl-dskt/tix-hotel/images-web/2022/09/15/b1b32061-424e-4dec-80af-4d508d05868f-1663180263228-bc101d7b1a506c8ae76d09830b2029f1.jpg,Hotel Aruni Ancol,Hotel,Ancol Jakarta Utara,10 Jalan R. E. Martadinata. Jakarta. Daerah Khusus Ibukota Jakarta. ID,Belum ada rating,219999,500000,-6.13142,106.826733,"https://maps.googleapis.com/maps/api/staticmap?key=AIzaSyB67q8ThLbgVsPCbfRoWQSEusBjpnj8Bus&center=-6.13042,106.826733&zoom=15&size=560x130&maptype=roadmap&markers=|icon:https://s-light.tiket.photos/t/01E25EBZS3W0FY9GTG6C42E1SE/original/tix-hotel/static/2021/01/04/bdfe4915-e5ba-49b3-af26-d83965625530-1609757621407-783f2d783ff4034d48e4bd9f9ff91bff.png|-6.13142,106.826733",https://www.tiket.com/hotel/indonesia/hotel-aruni-ancol-509001662573453661?checkin=2022-10-11&checkout=2022-10-12&room=1&adult=2&soldOut=false
337,https://s-light.tiket.photos/t/01E25EBZS3W0FY9GTG6C42E1SE/t_htl-dskt/tix-hotel/images-web/2020/11/18/183eb356-0ba2-4edd-8ef9-75e035ec04a5-1605675190934-12dd3a28299b719f4c85e9e43327e9ea.jpg,dprimahotel WTC Mangga Dua,Hotel,Mangga Dua Jakarta Pusat,Jl. Gunung Sahari Mangga Dua. Komplek Marinatama Blok A 26,4.1,300989,450000,-6.13417,106.832123,"https://maps.googleapis.com/maps/api/staticmap?key=AIzaSyB67q8ThLbgVsPCbfRoWQSEusBjpnj8Bus&center=-6.13317,106.832123&zoom=15&size=560x130&maptype=roadmap&markers=|icon:https://s-light.tiket.photos/t/01E25EBZS3W0FY9GTG6C42E1SE/original/tix-hotel/static/2021/01/04/bdfe4915-e5ba-49b3-af26-d83965625530-1609757621407-783f2d783ff4034d48e4bd9f9ff91bff.png|-6.13417,106.832123",https://www.tiket.com/hotel/indonesia/dprimahotel-wtc-mangga-dua-108001534490302187?checkin=2022-10-11&checkout=2022-10-12&room=1&adult=2&soldOut=false
338,https://s-light.tiket.photos/t/01E25EBZS3W0FY9GTG6C42E1SE/t_htl-dskt/tix-hotel/images-web/2021/04/23/96abba5d-ea32-438b-9386-38e383773b96-1619147121697-4e55e8934aa86def6e756d349bf254f4.jpg,Hotel Orchardz Jayakarta Kemayoran,Hotel,Sawah Besar Jakarta Pusat,Pangeran Jayakarta Street No. 44,4.2,371250,519750,-6.143622,106.828619,"https://maps.googleapis.com/maps/api/staticmap?key=AIzaSyB67q8ThLbgVsPCbfRoWQSEusBjpnj8Bus&center=-6.142621999999999,106.828619&zoom=15&size=560x130&maptype=roadmap&markers=|icon:https://s-light.tiket.photos/t/01E25EBZS3W0FY9GTG6C42E1SE/original/tix-hotel/static/2021/01/04/bdfe4915-e5ba-49b3-af26-d83965625530-1609757621407-783f2d783ff4034d48e4bd9f9ff91bff.png|-6.143622,106.828619",https://www.tiket.com/hotel/indonesia/orchardz-jayakarta-hotel-108001534490299983?checkin=2022-10-11&checkout=2022-10-12&room=1&adult=2&soldOut=false
339,https://s-light.tiket.photos/t/01E25EBZS3W0FY9GTG6C42E1SE/t_htl-dskt/tix-hotel/images-web/2020/10/28/5e82c6a6-a8b9-483c-b280-17204eae4c97-1603887330826-938801a4899f307e6b858d016d9ddfd0.jpg,Hotel 55 International,Hotel,Taman Sari Jakarta Barat,Artha Center. Jl. Pangeran Jayakarta. RT.1/RW.1. Pinangsia. Kec. Taman Sari. Kota Jakarta Barat. Daerah Khusus Ibukota Jakarta 11110,3.4,158000,650000,-6.141158,106.822553,"https://maps.googleapis.com/maps/api/staticmap?key=AIzaSyB67q8ThLbgVsPCbfRoWQSEusBjpnj8Bus&center=-6.140158,106.822553&zoom=15&size=560x130&maptype=roadmap&markers=|icon:https://s-light.tiket.photos/t/01E25EBZS3W0FY9GTG6C42E1SE/original/tix-hotel/static/2021/01/04/bdfe4915-e5ba-49b3-af26-d83965625530-1609757621407-783f2d783ff4034d48e4bd9f9ff91bff.png|-6.141158,106.822553",https://www.tiket.com/hotel/indonesia/hotel-55-international-108001534490306577?checkin=2022-10-11&checkout=2022-10-12&room=1&adult=2&soldOut=false
340,https://s-light.tiket.photos/t/01E25EBZS3W0FY9GTG6C42E1SE/t_htl-dskt/tix-hotel/images-web/2020/10/29/61e910f9-0d50-4526-90f1-353d764043f0-1603933061012-2b49fe9827b3c635bd41d6603caa1107.jpg,Zuri Express Mangga Dua,Hotel,Sawah Besar Jakarta Pusat,Mangga Dua Dalam Street no 55 - 56,4.3,400171,1500000,-6.139437,106.825341,"https://maps.googleapis.com/maps/api/staticmap?key=AIzaSyB67q8ThLbgVsPCbfRoWQSEusBjpnj8Bus&center=-6.138437,106.825341&zoom=15&size=560x130&maptype=roadmap&markers=|icon:https://s-light.tiket.photos/t/01E25EBZS3W0FY9GTG6C42E1SE/original/tix-hotel/static/2021/01/04/bdfe4915-e5ba-49b3-af26-d83965625530-1609757621407-783f2d783ff4034d48e4bd9f9ff91bff.png|-6.139437,106.825341",https://www.tiket.com/hotel/indonesia/zuri-express-mangga-dua-108001534490316602?checkin=2022-10-11&checkout=2022-10-12&room=1&adult=2&soldOut=false
341,https://s-light.tiket.photos/t/01E25EBZS3W0FY9GTG6C42E1SE/t_htl-dskt/tix-hotel/images-web/2020/10/31/824de23d-dc31-45d8-98d2-5b26d6a72277-1604126880106-98feaba6f20d2cd4b9cf7bc8813ab1cb.jpg,dprimahotel ITC Mangga Dua,Hotel,Sawah Besar Jakarta Pusat,Jl. Tiangseng Pangeran Jayakarta 73 Blok A/E-O,4.4,370000,420000,-6.13838,106.822406,"https://maps.googleapis.com/maps/api/staticmap?key=AIzaSyB67q8ThLbgVsPCbfRoWQSEusBjpnj8Bus&center=-6.137379999999999,106.822406&zoom=15&size=560x130&maptype=roadmap&markers=|icon:https://s-light.tiket.photos/t/01E25EBZS3W0FY9GTG6C42E1SE/original/tix-hotel/static/2021/01/04/bdfe4915-e5ba-49b3-af26-d83965625530-1609757621407-783f2d783ff4034d48e4bd9f9ff91bff.png|-6.13838,106.822406",https://www.tiket.com/hotel/indonesia/dprimahotel-itc-mangga-dua-108001534490309590?checkin=2022-10-11&checkout=2022-10-12&room=1&adult=2&soldOut=false
342,https://s-light.tiket.photos/t/01E25EBZS3W0FY9GTG6C42E1SE/t_htl-dskt/tix-hotel/images-web/2020/10/29/0fb3fc36-956b-48a1-9660-914b713fc7fa-1603912150918-a61dee0f37fa118761a6133013c5c2f3.jpg,Coins Hotel Jakarta,Hotel,Tanjung Priok Jakarta Utara,Sunter Agung Utara Raya Blok A No. 5B. Jl. Ancol Sel. 1 No.10. RT.2/RW.18. Sunter Agung. Tj. Priok. Kota Jkt Utara. Daerah Khusus Ibukota Jakarta 14350,4.2,339998,718716,-6.138432,106.862972,"https://maps.googleapis.com/maps/api/staticmap?key=AIzaSyB67q8ThLbgVsPCbfRoWQSEusBjpnj8Bus&center=-6.1374319999999996,106.862972&zoom=15&size=560x130&maptype=roadmap&markers=|icon:https://s-light.tiket.photos/t/01E25EBZS3W0FY9GTG6C42E1SE/original/tix-hotel/static/2021/01/04/bdfe4915-e5ba-49b3-af26-d83965625530-1609757621407-783f2d783ff4034d48e4bd9f9ff91bff.png|-6.138432,106.862972",https://www.tiket.com/hotel/indonesia/coins-hotel-jakarta-108001534490367053?checkin=2022-10-11&checkout=2022-10-12&room=1&adult=2&soldOut=false
343,https://s-light.tiket.photos/t/01E25EBZS3W0FY9GTG6C42E1SE/t_htl-dskt/tix-hotel/images-web/2021/09/09/57838ed1-4b17-480e-bfcd-0c6452ca4e52-1631155786250-e0ee644e960778673e621fe8d545ccb7.jpg,Nite & Day Jakarta â€“ Mangga Besar.,Hotel,Taman Sari Jakarta Barat,14. Jl. Raya Mangga Besar No.20. RT.14/RW.9. Maphar. Kec. Taman Sari. Kota Jakarta Barat. Daerah Khusus Ibukota Jakarta 11180,4.1,350000,400000,-6.149651,106.819459,"https://maps.googleapis.com/maps/api/staticmap?key=AIzaSyB67q8ThLbgVsPCbfRoWQSEusBjpnj8Bus&center=-6.148651,106.819459&zoom=15&size=560x130&maptype=roadmap&markers=|icon:https://s-light.tiket.photos/t/01E25EBZS3W0FY9GTG6C42E1SE/original/tix-hotel/static/2021/01/04/bdfe4915-e5ba-49b3-af26-d83965625530-1609757621407-783f2d783ff4034d48e4bd9f9ff91bff.png|-6.149651,106.819459",https://www.tiket.com/hotel/indonesia/nite-day-jakarta-mangga-besar-408001628504120933?checkin=2022-10-11&checkout=2022-10-12&room=1&adult=2&soldOut=false
344,https://s-light.tiket.photos/t/01E25EBZS3W0FY9GTG6C42E1SE/t_htl-dskt/tix-hotel/images-web/2020/11/06/ea76ea31-9a5d-483d-9cfd-b2027ee42718-1604651423725-476678b181bf8e88be7045dfe1c1f247.jpg,Maxwell Hotel Jakarta,Hotel,Sawah Besar Jakarta Pusat,Jl. Pangeran Jayakarta No. 70,4.1,384426,470000,-6.147289,106.832085,"https://maps.googleapis.com/maps/api/staticmap?key=AIzaSyB67q8ThLbgVsPCbfRoWQSEusBjpnj8Bus&center=-6.1462889999999994,106.832085&zoom=15&size=560x130&maptype=roadmap&markers=|icon:https://s-light.tiket.photos/t/01E25EBZS3W0FY9GTG6C42E1SE/original/tix-hotel/static/2021/01/04/bdfe4915-e5ba-49b3-af26-d83965625530-1609757621407-783f2d783ff4034d48e4bd9f9ff91bff.png|-6.147289,106.832085",https://www.tiket.com/hotel/indonesia/maxwell-hotel-jakarta-503001646883948826?checkin=2022-10-11&checkout=2022-10-12&room=1&adult=2&soldOut=false
345,https://s-light.tiket.photos/t/01E25EBZS3W0FY9GTG6C42E1SE/t_htl-dskt/tix-hotel/images-web/2020/10/28/082cf5ae-b360-439b-85ca-18278ea7d994-1603888001894-d5f60aaeb6ccecf25f569d08773063a2.jpg,Antoni Hotel,Hotel,Taman Sari Jakarta Barat,Jln. Hayam Wuruk nomor 111 F-G. Jakarta Barat (after suisse bakery Hayam Wuruk),3.6,310000,399000,-6.151041,106.81763,"https://maps.googleapis.com/maps/api/staticmap?key=AIzaSyB67q8ThLbgVsPCbfRoWQSEusBjpnj8Bus&center=-6.150041,106.81763&zoom=15&size=560x130&maptype=roadmap&markers=|icon:https://s-light.tiket.photos/t/01E25EBZS3W0FY9GTG6C42E1SE/original/tix-hotel/static/2021/01/04/bdfe4915-e5ba-49b3-af26-d83965625530-1609757621407-783f2d783ff4034d48e4bd9f9ff91bff.png|-6.151041,106.81763",https://www.tiket.com/hotel/indonesia/antoni-hotel-108001534490311342?checkin=2022-10-11&checkout=2022-10-12&room=1&adult=2&soldOut=false
346,https://s-light.tiket.photos/t/01E25EBZS3W0FY9GTG6C42E1SE/t_htl-dskt/tix-hotel/images-web/2020/11/01/95e952ab-586c-4df0-bc47-3151d7dcb0c4-1604166616284-57e5c8f180d909b9babfccabbf7bb208.jpg,Bobobox Kota Tua,Capsule Hotel,Taman Sari Jakarta Barat,Kota Tua. RT.7/RW.7. Pinangsia. Taman Sari. West Jakarta City. Jakarta 11110,4.4,213800,213800,-6.134111,106.8131,"https://maps.googleapis.com/maps/api/staticmap?key=AIzaSyB67q8ThLbgVsPCbfRoWQSEusBjpnj8Bus&center=-6.1331109999999995,106.8131&zoom=15&size=560x130&maptype=roadmap&markers=|icon:https://s-light.tiket.photos/t/01E25EBZS3W0FY9GTG6C42E1SE/original/tix-hotel/static/2021/01/04/bdfe4915-e5ba-49b3-af26-d83965625530-1609757621407-783f2d783ff4034d48e4bd9f9ff91bff.png|-6.134111,106.8131",https://www.tiket.com/hotel/indonesia/bobobox-kota-tua-501001643594437511?checkin=2022-10-11&checkout=2022-10-12&room=1&adult=2&soldOut=false
347,https://s-light.tiket.photos/t/01E25EBZS3W0FY9GTG6C42E1SE/t_htl-dskt/tix-hotel/images-web/2020/10/28/f6d5d5c8-3e9e-4627-b125-e654a7f99470-1603894194860-f6bf582df27db4d8a2fa014914dd2d82.jpg,Hotel Pinangsia,Hotel,Taman Sari Jakarta Barat,"Pinangsia Street 1 number 55 Kota 
Area Pinangsia .sub -districk Taman sari 
Districk Jakarta Barat
Provice Dki Jakarta 11110 
Indonesia",3.1,165000,205000,-6.14004,106.816885,"https://maps.googleapis.com/maps/api/staticmap?key=AIzaSyB67q8ThLbgVsPCbfRoWQSEusBjpnj8Bus&center=-6.13904,106.816885&zoom=15&size=560x130&maptype=roadmap&markers=|icon:https://s-light.tiket.photos/t/01E25EBZS3W0FY9GTG6C42E1SE/original/tix-hotel/static/2021/01/04/bdfe4915-e5ba-49b3-af26-d83965625530-1609757621407-783f2d783ff4034d48e4bd9f9ff91bff.png|-6.14004,106.816885",https://www.tiket.com/hotel/indonesia/hotel-pinangsia-108001534490315097?checkin=2022-10-11&checkout=2022-10-12&room=1&adult=2&soldOut=false
348,https://s-light.tiket.photos/t/01E25EBZS3W0FY9GTG6C42E1SE/t_htl-dskt/tix-hotel/images-web/2020/10/28/1b55e965-b272-4f0c-b4f3-295d0bdb45dc-1603903140454-64e91a299a8b06e09bf517ce2c3545ab.jpg,Best Inn Hotel Jakarta,Guest House,Gambir Jakarta Pusat,Jl. Hayam Wuruk No.1RQ-1RR. RT.7/RW.2. Kb. Klp.. Gambir. Kota Jakarta Pusat. Daerah Khusus Ibukota Jakarta. Indonesia,3.7,205000,250000,-6.1659,106.821246,"https://maps.googleapis.com/maps/api/staticmap?key=AIzaSyB67q8ThLbgVsPCbfRoWQSEusBjpnj8Bus&center=-6.164899999999999,106.821246&zoom=15&size=560x130&maptype=roadmap&markers=|icon:https://s-light.tiket.photos/t/01E25EBZS3W0FY9GTG6C42E1SE/original/tix-hotel/static/2021/01/04/bdfe4915-e5ba-49b3-af26-d83965625530-1609757621407-783f2d783ff4034d48e4bd9f9ff91bff.png|-6.1659,106.821246",https://www.tiket.com/hotel/indonesia/best-inn-hotel-jakarta-108001534490334558?checkin=2022-10-11&checkout=2022-10-12&room=1&adult=2&soldOut=false
349,https://s-light.tiket.photos/t/01E25EBZS3W0FY9GTG6C42E1SE/t_htl-dskt/tix-hotel/images-web/2020/10/31/9aefdc5b-2fc4-4d11-aafa-925e872685e4-1604150610187-d580cbbb7e95905943ab75a322e0e8a2.jpg,RedDoorz near Hayam Wuruk,Guest House,Taman Sari Jakarta Barat,Jl. Kebon Jeruk XV No.15. RT.7/RW.8. Maphar. Tamansari. Kota Jakarta Barat. Daerah Khusus Ibukota Jakarta 11150. Indonesia,3.1,110500,165750,-6.153503,106.819952,"https://maps.googleapis.com/maps/api/staticmap?key=AIzaSyB67q8ThLbgVsPCbfRoWQSEusBjpnj8Bus&center=-6.152502999999999,106.819952&zoom=15&size=560x130&maptype=roadmap&markers=|icon:https://s-light.tiket.photos/t/01E25EBZS3W0FY9GTG6C42E1SE/original/tix-hotel/static/2021/01/04/bdfe4915-e5ba-49b3-af26-d83965625530-1609757621407-783f2d783ff4034d48e4bd9f9ff91bff.png|-6.153503,106.819952",https://www.tiket.com/hotel/indonesia/reddooorz-near-hayam-wuruk-109001537352172899?checkin=2022-10-11&checkout=2022-10-12&room=1&adult=2&soldOut=false
350,https://s-light.tiket.photos/t/01E25EBZS3W0FY9GTG6C42E1SE/t_htl-dskt/tix-hotel/images-web/2020/10/31/6144cf6f-5aaf-4ed6-a0d8-e7d233934a2b-1604151942404-15109af503b5eb8c6cc135cd89be8197.jpg,OYO 2230 Ava Guest House Near Rumah Sakit Umum Daerah Pademangan,Hotel,Mangga Dua Jakarta Pusat,Jl. R E Martadinata. RT.1/RW.11. West Pademangan. Pademangan. Jakarta,2.3,113694,122224,-6.13165,106.838945,"https://maps.googleapis.com/maps/api/staticmap?key=AIzaSyB67q8ThLbgVsPCbfRoWQSEusBjpnj8Bus&center=-6.130649999999999,106.838945&zoom=15&size=560x130&maptype=roadmap&markers=|icon:https://s-light.tiket.photos/t/01E25EBZS3W0FY9GTG6C42E1SE/original/tix-hotel/static/2021/01/04/bdfe4915-e5ba-49b3-af26-d83965625530-1609757621407-783f2d783ff4034d48e4bd9f9ff91bff.png|-6.13165,106.838945",https://www.tiket.com/hotel/indonesia/oyo-2230-ava-guest-house-212001576139408533?checkin=2022-10-11&checkout=2022-10-12&room=1&adult=2&soldOut=false
351,https://s-light.tiket.photos/t/01E25EBZS3W0FY9GTG6C42E1SE/t_htl-dskt/tix-hotel/images-web/2020/10/31/85e14229-d5b6-4365-a396-c0680bfcf518-1604132456245-d99ce2b112557996fa4fb49f1240a71e.jpg,Shakti Capsule Hotel Jakarta,Capsule Hotel,Gambir Jakarta Pusat,Jl. Batu Tulis Raya No.8. RT.3/RW.2. Kb. Klp.. Kecamatan Gambir. Kota Jakarta Pusat. Daerah Khusus Ibukota Jakarta 10120. Indonesia,4.1,165000,165000,-6.16347,106.822,"https://maps.googleapis.com/maps/api/staticmap?key=AIzaSyB67q8ThLbgVsPCbfRoWQSEusBjpnj8Bus&center=-6.16247,106.822&zoom=15&size=560x130&maptype=roadmap&markers=|icon:https://s-light.tiket.photos/t/01E25EBZS3W0FY9GTG6C42E1SE/original/tix-hotel/static/2021/01/04/bdfe4915-e5ba-49b3-af26-d83965625530-1609757621407-783f2d783ff4034d48e4bd9f9ff91bff.png|-6.16347,106.822",https://www.tiket.com/hotel/indonesia/shakti-capsule-hotel-jakarta-206001560504470155?checkin=2022-10-11&checkout=2022-10-12&room=1&adult=2&soldOut=false
352,https://s-light.tiket.photos/t/01E25EBZS3W0FY9GTG6C42E1SE/t_htl-dskt/tix-hotel/images-web/2021/09/21/167503f4-0449-433f-a8ba-727d7c8f9608-1632201322226-070717ee8e6c9368fc96fd3bbeb5d0a4.jpg,Rumahku Hayam Wuruk RedPartner,Hotel,Gambir Jakarta Pusat,Airy Eco Hayam Wuruk Batu Tulis Raya 52D Jakarta. Jalan Batu Tulis Raya. RT.9/RW.3. Kebon Kelapa. Central Jakarta City. Jakarta. Indonesia,3.9,162000,240000,-6.163035,106.826206,"https://maps.googleapis.com/maps/api/staticmap?key=AIzaSyB67q8ThLbgVsPCbfRoWQSEusBjpnj8Bus&center=-6.1620349999999995,106.826206&zoom=15&size=560x130&maptype=roadmap&markers=|icon:https://s-light.tiket.photos/t/01E25EBZS3W0FY9GTG6C42E1SE/original/tix-hotel/static/2021/01/04/bdfe4915-e5ba-49b3-af26-d83965625530-1609757621407-783f2d783ff4034d48e4bd9f9ff91bff.png|-6.163035,106.826206",https://www.tiket.com/hotel/indonesia/rumahku-hayam-wuruk-redpartner-411001638252819922?checkin=2022-10-11&checkout=2022-10-12&room=1&adult=2&soldOut=false
353,https://s-light.tiket.photos/t/01E25EBZS3W0FY9GTG6C42E1SE/t_htl-dskt/tix-hotel/images-web/2021/03/12/6fd0ce6d-9840-40de-86b1-4d7eede27faf-1615544714624-f121d815133465122860723ba22a89df.jpg,RedDoorz Plus near Jakarta Kota Station,Hotel,Taman Sari Jakarta Barat,Jl. Pintu Besar Selatan No.42. RT.3/RW.1. Pinangsia. Kec. Taman Sari. Kota Jakarta Barat. Daerah Khusus Ibukota Jakarta 11110. Indonesia,3.5,144500,195500,-6.141183,106.814809,"https://maps.googleapis.com/maps/api/staticmap?key=AIzaSyB67q8ThLbgVsPCbfRoWQSEusBjpnj8Bus&center=-6.1401829999999995,106.814809&zoom=15&size=560x130&maptype=roadmap&markers=|icon:https://s-light.tiket.photos/t/01E25EBZS3W0FY9GTG6C42E1SE/original/tix-hotel/static/2021/01/04/bdfe4915-e5ba-49b3-af26-d83965625530-1609757621407-783f2d783ff4034d48e4bd9f9ff91bff.png|-6.141183,106.814809",https://www.tiket.com/hotel/indonesia/reddoorz-plus-near-jakarta-kota-station-407001626925822594?checkin=2022-10-11&checkout=2022-10-12&room=1&adult=2&soldOut=false
354,https://s-light.tiket.photos/t/01E25EBZS3W0FY9GTG6C42E1SE/t_htl-dskt/tix-hotel/images-web/2020/11/01/24a28f48-e5c3-4873-99cf-657baf17a54e-1604171387705-99b9ccc2ddae3c7a73aaf8c10fed1c5b.jpg,OYO 281 Hotelo,Hotel,Taman Sari Jakarta Barat,Jl. Mangga Dua Raya No.57. RT.6/RW.4. Kota Tua. Pinangsia. Kebon Jeruk. Kota Jakarta Barat. Daerah Khusus Ibukota Jakarta 11110. Indonesia. Jakarta,3.8,188448,254765,-6.1369732,106.8196703,"https://maps.googleapis.com/maps/api/staticmap?key=AIzaSyB67q8ThLbgVsPCbfRoWQSEusBjpnj8Bus&center=-6.1359732,106.8196703&zoom=15&size=560x130&maptype=roadmap&markers=|icon:https://s-light.tiket.photos/t/01E25EBZS3W0FY9GTG6C42E1SE/original/tix-hotel/static/2021/01/04/bdfe4915-e5ba-49b3-af26-d83965625530-1609757621407-783f2d783ff4034d48e4bd9f9ff91bff.png|-6.1369732,106.8196703",https://www.tiket.com/hotel/indonesia/oyo-281-hotelo-202001549517232657?checkin=2022-10-11&checkout=2022-10-12&room=1&adult=2&soldOut=false
355,https://s-light.tiket.photos/t/01E25EBZS3W0FY9GTG6C42E1SE/t_htl-dskt/tix-hotel/images-web/2021/10/23/5ef75c18-c939-4916-87c9-cb81ec7337a0-1634999483473-14658422264678db6e656bc241f9b39f.jpg,Apatel Metro Sunter 185,Apartment Privat,Tanjung Priok Jakarta Utara,,4.0,355000,355000,-6.1343536376953125,106.87211608886719,"https://maps.googleapis.com/maps/api/staticmap?key=AIzaSyB67q8ThLbgVsPCbfRoWQSEusBjpnj8Bus&center=-6.133353637695312,106.87211608886719&zoom=15&size=560x130&maptype=roadmap&markers=|icon:https://s-light.tiket.photos/t/01E25EBZS3W0FY9GTG6C42E1SE/original/tix-hotel/static/2021/01/04/bdfe4915-e5ba-49b3-af26-d83965625530-1609757621407-783f2d783ff4034d48e4bd9f9ff91bff.png|-6.1343536376953125,106.87211608886719",https://www.tiket.com/hotel/indonesia/apatel-metro-sunter-185-212001576265018237?checkin=2022-10-11&checkout=2022-10-12&room=1&adult=2&soldOut=false
356,https://s-light.tiket.photos/t/01E25EBZS3W0FY9GTG6C42E1SE/t_htl-dskt/tix-hotel/images-web/2020/10/03/ecd9274e-246a-4487-8e69-44987451744a-1601727575875-322f8f86f26726f0ced879186acff5cd.jpg,Hotel DeQur Jakarta Kota,Hotel,Tambora Jakarta Barat,Jl. Kali Besar Barat No.27. RT.7/RW.3. Roa Malaka. Tambora. Kota Jakarta Barat. Daerah Khusus Ibukota Jakarta 11230. Indonesia,3.2,171000,171000,-6.134827,106.8108381,"https://maps.googleapis.com/maps/api/staticmap?key=AIzaSyB67q8ThLbgVsPCbfRoWQSEusBjpnj8Bus&center=-6.133826999999999,106.8108381&zoom=15&size=560x130&maptype=roadmap&markers=|icon:https://s-light.tiket.photos/t/01E25EBZS3W0FY9GTG6C42E1SE/original/tix-hotel/static/2021/01/04/bdfe4915-e5ba-49b3-af26-d83965625530-1609757621407-783f2d783ff4034d48e4bd9f9ff91bff.png|-6.134827,106.8108381",https://www.tiket.com/hotel/indonesia/hotel-dequr-jakarta-kota-108001534490367848?checkin=2022-10-11&checkout=2022-10-12&room=1&adult=2&soldOut=false
357,https://s-light.tiket.photos/t/01E25EBZS3W0FY9GTG6C42E1SE/t_htl-dskt/tix-hotel/images-web/2020/10/28/f4f28620-0112-4851-a063-212d2f1c2922-1603897346952-49b93192a3d6bc9ed505b095df433012.jpg,Plaza Hotel Glodok,Hotel,Taman Sari Jakarta Barat,Glodok Plaza Lot 3. Jl. Pinangsia Raya No. 1 11180. Mangga Dua. Jakarta,3.7,250000,349999,-6.142081,106.815953,"https://maps.googleapis.com/maps/api/staticmap?key=AIzaSyB67q8ThLbgVsPCbfRoWQSEusBjpnj8Bus&center=-6.141081,106.815953&zoom=15&size=560x130&maptype=roadmap&markers=|icon:https://s-light.tiket.photos/t/01E25EBZS3W0FY9GTG6C42E1SE/original/tix-hotel/static/2021/01/04/bdfe4915-e5ba-49b3-af26-d83965625530-1609757621407-783f2d783ff4034d48e4bd9f9ff91bff.png|-6.142081,106.815953",https://www.tiket.com/hotel/indonesia/plaza-hotel-glodok-108001534490328875?checkin=2022-10-11&checkout=2022-10-12&room=1&adult=2&soldOut=false
358,https://s-light.tiket.photos/t/01E25EBZS3W0FY9GTG6C42E1SE/t_htl-dskt/tix-hotel/images-web/2020/10/31/135e23da-1d59-4faa-8502-dda15bde4567-1604131999698-630673126bdb65bbf185231d368e2bf1.jpg,OYO 136 Manggis Inn Near RSU Kecamatan Taman Sari,Hotel,Taman Sari Jakarta Barat,Jl. Brustru No.44. RT.1/RW.6. Kota Tua. Mangga Besar. Tamansari. Kota Jakarta Barat. DKI Jakarta 11180,3.7,139862,166378,-6.141019,106.820255,"https://maps.googleapis.com/maps/api/staticmap?key=AIzaSyB67q8ThLbgVsPCbfRoWQSEusBjpnj8Bus&center=-6.140019,106.820255&zoom=15&size=560x130&maptype=roadmap&markers=|icon:https://s-light.tiket.photos/t/01E25EBZS3W0FY9GTG6C42E1SE/original/tix-hotel/static/2021/01/04/bdfe4915-e5ba-49b3-af26-d83965625530-1609757621407-783f2d783ff4034d48e4bd9f9ff91bff.png|-6.141019,106.820255",https://www.tiket.com/hotel/indonesia/oyo-136-manggis-inn-110001539622810032?checkin=2022-10-11&checkout=2022-10-12&room=1&adult=2&soldOut=false
359,https://s-light.tiket.photos/t/01E25EBZS3W0FY9GTG6C42E1SE/t_htl-dskt/tix-hotel/images-web/2020/10/28/ad016027-9ecc-499d-895f-635003be66d9-1603878559637-6ada9ca11abb66ac20b166c5254a55ca.jpg,Rovi Boutique Hotel,Hotel,Taman Sari Jakarta Barat,Jalan Hayam Wuruk Raya No.79B Jakarta - Indonesia,3.3,206670,223270,-6.156075,106.818529,"https://maps.googleapis.com/maps/api/staticmap?key=AIzaSyB67q8ThLbgVsPCbfRoWQSEusBjpnj8Bus&center=-6.155075,106.818529&zoom=15&size=560x130&maptype=roadmap&markers=|icon:https://s-light.tiket.photos/t/01E25EBZS3W0FY9GTG6C42E1SE/original/tix-hotel/static/2021/01/04/bdfe4915-e5ba-49b3-af26-d83965625530-1609757621407-783f2d783ff4034d48e4bd9f9ff91bff.png|-6.156075,106.818529",https://www.tiket.com/hotel/indonesia/rovi-boutique-hotel-108001534490288335?checkin=2022-10-11&checkout=2022-10-12&room=1&adult=2&soldOut=false
360,https://s-light.tiket.photos/t/01E25EBZS3W0FY9GTG6C42E1SE/t_htl-dskt/tix-hotel/images-web/2020/11/18/86a95b73-7205-4376-a052-4faf28c0051c-1605691282003-a259ef48df9cd7eef99ecbf5742b1773.jpg,RedDoorz Plus near Hayam Wuruk 2,Guest House,Taman Sari Jakarta Barat,Jl. Hayam Wuruk No.78P. RT.9/RW.5. Maphar. Kec. Taman Sari. Kota Jakarta Barat. Daerah Khusus Ibukota Jakarta,4.1,136139,209738,-6.155728,106.818855,"https://maps.googleapis.com/maps/api/staticmap?key=AIzaSyB67q8ThLbgVsPCbfRoWQSEusBjpnj8Bus&center=-6.1547279999999995,106.818855&zoom=15&size=560x130&maptype=roadmap&markers=|icon:https://s-light.tiket.photos/t/01E25EBZS3W0FY9GTG6C42E1SE/original/tix-hotel/static/2021/01/04/bdfe4915-e5ba-49b3-af26-d83965625530-1609757621407-783f2d783ff4034d48e4bd9f9ff91bff.png|-6.155728,106.818855",https://www.tiket.com/hotel/indonesia/reddoorz-plus-near-hayam-wuruk-2-208001565255846932?checkin=2022-10-11&checkout=2022-10-12&room=1&adult=2&soldOut=false
361,https://s-light.tiket.photos/t/01E25EBZS3W0FY9GTG6C42E1SE/t_htl-dskt/tix-hotel/images-web/2021/03/12/06b3c4ed-63b7-4b34-93ee-e9783a8a050c-1615538146390-3aa6c10cd9012e737e529ef9b97176dd.jpg,RedDoorz Plus @ Danau Sunter Utara,Hotel,Tanjung Priok Jakarta Utara,Jl Danau Sunter Utara No 57. Jakarta Utara,3.1,211901,378209,-6.139366,106.859646,"https://maps.googleapis.com/maps/api/staticmap?key=AIzaSyB67q8ThLbgVsPCbfRoWQSEusBjpnj8Bus&center=-6.1383659999999995,106.859646&zoom=15&size=560x130&maptype=roadmap&markers=|icon:https://s-light.tiket.photos/t/01E25EBZS3W0FY9GTG6C42E1SE/original/tix-hotel/static/2021/01/04/bdfe4915-e5ba-49b3-af26-d83965625530-1609757621407-783f2d783ff4034d48e4bd9f9ff91bff.png|-6.139366,106.859646",https://www.tiket.com/hotel/indonesia/reddoorz-plus-danau-sunter-utara-108001534490354259?checkin=2022-10-11&checkout=2022-10-12&room=1&adult=2&soldOut=false
362,https://s-light.tiket.photos/t/01E25EBZS3W0FY9GTG6C42E1SE/t_htl-dskt/tix-hotel/images-web/2021/06/18/ae528bf7-e87a-4896-968c-770c36cbeb3a-1624001713768-cf14d5585bbd1cf96d30af176cbc456e.jpg,Coins Hotel by Ruang Nyaman,Hotel,Tanjung Priok Jakarta Utara,Jalan Sunter Agung Utara Raya Blok A No. 5B. Jl. Ancol Selatan I No.10. RT.2/RW.18. Sunter Agung. Tj. Priok. Kota Jkt Utara. Daerah Khusus Ibukota Jakarta,4.4,311117,663664,-6.138418,106.862982,"https://maps.googleapis.com/maps/api/staticmap?key=AIzaSyB67q8ThLbgVsPCbfRoWQSEusBjpnj8Bus&center=-6.137417999999999,106.862982&zoom=15&size=560x130&maptype=roadmap&markers=|icon:https://s-light.tiket.photos/t/01E25EBZS3W0FY9GTG6C42E1SE/original/tix-hotel/static/2021/01/04/bdfe4915-e5ba-49b3-af26-d83965625530-1609757621407-783f2d783ff4034d48e4bd9f9ff91bff.png|-6.138418,106.862982",https://www.tiket.com/hotel/indonesia/coins-hotel-by-ruang-nyaman-412001638769627131?checkin=2022-10-11&checkout=2022-10-12&room=1&adult=2&soldOut=false
363,https://s-light.tiket.photos/t/01E25EBZS3W0FY9GTG6C42E1SE/t_htl-dskt/tix-hotel/images-web/2021/08/02/ef8974a0-fdbe-4f3f-919e-f5834a8efbca-1627874721066-d36cdf3375638605187444fd570459c0.jpg,Titi Guest House,Guest House,Mangga Besar Jakarta Barat,Jalan Mangga Besar Raya No. 25,4.3,149000,149000,-6.149186,106.819668,"https://maps.googleapis.com/maps/api/staticmap?key=AIzaSyB67q8ThLbgVsPCbfRoWQSEusBjpnj8Bus&center=-6.148186,106.819668&zoom=15&size=560x130&maptype=roadmap&markers=|icon:https://s-light.tiket.photos/t/01E25EBZS3W0FY9GTG6C42E1SE/original/tix-hotel/static/2021/01/04/bdfe4915-e5ba-49b3-af26-d83965625530-1609757621407-783f2d783ff4034d48e4bd9f9ff91bff.png|-6.149186,106.819668",https://www.tiket.com/hotel/indonesia/titi-guest-house-408001627875027557?checkin=2022-10-11&checkout=2022-10-12&room=1&adult=2&soldOut=false
364,https://s-light.tiket.photos/t/01E25EBZS3W0FY9GTG6C42E1SE/t_htl-dskt/tix-hotel/images-web/2020/10/28/c1647c25-b64e-4ac6-9dad-2257ee441980-1603895313044-5e558401b72032f625f5feaad0e020d8.jpg,Plaza Hotel Harco Mangga Dua,Hotel,Sawah Besar Jakarta Pusat,<p>Jalan Mangga Dua Raya. Harco Mangga Dua Blok N 22-24 Jakarta</p>,3.5,180000,180000,-6.137791,106.827772,"https://maps.googleapis.com/maps/api/staticmap?key=AIzaSyB67q8ThLbgVsPCbfRoWQSEusBjpnj8Bus&center=-6.136791,106.827772&zoom=15&size=560x130&maptype=roadmap&markers=|icon:https://s-light.tiket.photos/t/01E25EBZS3W0FY9GTG6C42E1SE/original/tix-hotel/static/2021/01/04/bdfe4915-e5ba-49b3-af26-d83965625530-1609757621407-783f2d783ff4034d48e4bd9f9ff91bff.png|-6.137791,106.827772",https://www.tiket.com/hotel/indonesia/plaza-hotel-harco-mangga-dua-108001534490323772?checkin=2022-10-11&checkout=2022-10-12&room=1&adult=2&soldOut=false
365,https://s-light.tiket.photos/t/01E25EBZS3W0FY9GTG6C42E1SE/t_htl-dskt/tix-hotel/images-web/2021/03/09/31a4a6c5-cf54-42fb-8f58-b597a9c2f618-1615263911752-2ef6b16f8b2fdf1da546daee172c774f.jpg,OYO 122 Oekude Kost,Hotel,Gunung Sahari Utara Jakarta Pusat,010. Jl. Industri 6 No.2A. RT.11/RW.1. Gn. Sahari Utara. Jakarta,3.9,139034,157667,-6.144864,106.835308,"https://maps.googleapis.com/maps/api/staticmap?key=AIzaSyB67q8ThLbgVsPCbfRoWQSEusBjpnj8Bus&center=-6.143864,106.835308&zoom=15&size=560x130&maptype=roadmap&markers=|icon:https://s-light.tiket.photos/t/01E25EBZS3W0FY9GTG6C42E1SE/original/tix-hotel/static/2021/01/04/bdfe4915-e5ba-49b3-af26-d83965625530-1609757621407-783f2d783ff4034d48e4bd9f9ff91bff.png|-6.144864,106.835308",https://www.tiket.com/hotel/indonesia/oyo-122-oekude-kost-403001615264382806?checkin=2022-10-11&checkout=2022-10-12&room=1&adult=2&soldOut=false
366,https://s-light.tiket.photos/t/01E25EBZS3W0FY9GTG6C42E1SE/t_htl-dskt/tix-hotel/images-web/2022/06/09/8676fd63-d4c7-43b3-9071-f4b901022070-1654748191718-cc2078f1a1d1d57c83595eb37c792de5.jpg,RedDoorz Plus near Dunia Fantasi Ancol,Hotel,Pademangan Jakarta Utara,Jl. R E Martadinata No.2. RT.1/RW.11. Pademangan Barat. Kec. Pademangan. Jakarta Utara. DKI Jakarta. Indonesia,4.3,220899,383830,-6.130589,106.832398,"https://maps.googleapis.com/maps/api/staticmap?key=AIzaSyB67q8ThLbgVsPCbfRoWQSEusBjpnj8Bus&center=-6.129588999999999,106.832398&zoom=15&size=560x130&maptype=roadmap&markers=|icon:https://s-light.tiket.photos/t/01E25EBZS3W0FY9GTG6C42E1SE/original/tix-hotel/static/2021/01/04/bdfe4915-e5ba-49b3-af26-d83965625530-1609757621407-783f2d783ff4034d48e4bd9f9ff91bff.png|-6.130589,106.832398",https://www.tiket.com/hotel/indonesia/reddoorz-plus-near-dunia-fantasi-ancol-206001560509901430?checkin=2022-10-11&checkout=2022-10-12&room=1&adult=2&soldOut=false
367,https://s-light.tiket.photos/t/01E25EBZS3W0FY9GTG6C42E1SE/t_htl-dskt/tix-hotel/images-web/2021/03/12/f9660f4a-02ea-48a5-8fec-c4a3d27da8fa-1615543567185-ec231c2311ef232ff4ab3a6598017c98.jpg,OYO 1199 Orienchi Room Near RSU Kecamatan Taman Sari,Hotel,Taman Sari Jakarta Barat,Jalan Mangga Besar No.5N. Mangga Besar. Tamansari. RT.5/RW.6. Mangga Besar. Kec. Taman Sari. Kota Jakarta Barat. Daerah Khusus Ibukota Jakarta 11180. Indonesia. Jakarta,3.7,135095,182111,-6.149587,106.818341,"https://maps.googleapis.com/maps/api/staticmap?key=AIzaSyB67q8ThLbgVsPCbfRoWQSEusBjpnj8Bus&center=-6.148587,106.818341&zoom=15&size=560x130&maptype=roadmap&markers=|icon:https://s-light.tiket.photos/t/01E25EBZS3W0FY9GTG6C42E1SE/original/tix-hotel/static/2021/01/04/bdfe4915-e5ba-49b3-af26-d83965625530-1609757621407-783f2d783ff4034d48e4bd9f9ff91bff.png|-6.149587,106.818341",https://www.tiket.com/hotel/indonesia/oyo-1199-orienchi-room-near-rsu-kecamatan-taman-sari-412001639860337060?checkin=2022-10-11&checkout=2022-10-12&room=1&adult=2&soldOut=false
368,https://s-light.tiket.photos/t/01E25EBZS3W0FY9GTG6C42E1SE/t_htl-dskt/tix-hotel/images-web/2020/10/02/44b820fa-5f3c-4a1b-9933-b7bed7893780-1601579288859-31898f87898a9bb95c225a24d2474efa.jpg,Hotel 55,Hotel,Taman Sari Jakarta Barat,Jl Pangeran jayakarta No 8 Blok E No 1.Jl Pangeran Jayakarta No 8 Blok E No 1,3.8,158000,544192,-6.14062945339908,106.822611093521,"https://maps.googleapis.com/maps/api/staticmap?key=AIzaSyB67q8ThLbgVsPCbfRoWQSEusBjpnj8Bus&center=-6.139629453399079,106.822611093521&zoom=15&size=560x130&maptype=roadmap&markers=|icon:https://s-light.tiket.photos/t/01E25EBZS3W0FY9GTG6C42E1SE/original/tix-hotel/static/2021/01/04/bdfe4915-e5ba-49b3-af26-d83965625530-1609757621407-783f2d783ff4034d48e4bd9f9ff91bff.png|-6.14062945339908,106.822611093521",https://www.tiket.com/hotel/indonesia/hotel-55-506001655655570029?checkin=2022-10-11&checkout=2022-10-12&room=1&adult=2&soldOut=false
369,https://s-light.tiket.photos/t/01E25EBZS3W0FY9GTG6C42E1SE/t_htl-dskt/tix-hotel/images-web/2020/10/31/38ff6ec1-e1e7-48f6-b08d-f9422554ca86-1604136022847-7e91c280f9990217021367a3402dfacf.jpg,RedDoorz Plus near Ancol,Hotel,Pademangan Jakarta Utara,JL RE MARTADINATA No.2. RT.6/RW.4. Ancol. Pademangan. North Jakarta City. Jakarta,4.0,319069,319069,-6.1307959,106.832495,"https://maps.googleapis.com/maps/api/staticmap?key=AIzaSyB67q8ThLbgVsPCbfRoWQSEusBjpnj8Bus&center=-6.1297958999999995,106.832495&zoom=15&size=560x130&maptype=roadmap&markers=|icon:https://s-light.tiket.photos/t/01E25EBZS3W0FY9GTG6C42E1SE/original/tix-hotel/static/2021/01/04/bdfe4915-e5ba-49b3-af26-d83965625530-1609757621407-783f2d783ff4034d48e4bd9f9ff91bff.png|-6.1307959,106.832495",https://www.tiket.com/hotel/indonesia/reddoorz-plus-near-ancol-208001565691308047?checkin=2022-10-11&checkout=2022-10-12&room=1&adult=2&soldOut=false
370,https://s-light.tiket.photos/t/01E25EBZS3W0FY9GTG6C42E1SE/t_htl-dskt/tix-hotel/images-web/2020/10/31/db89f3a5-46fa-4fb1-912f-dc46d10f211e-1604139640149-9ecf3871f223df9c27b811d084b00002.jpg,Stay Inn Hostel Jakarta,Hostel,Gambir Jakarta Pusat,Jalan Hayam Wuruk No.1,4.2,239998,239998,-6.165911,106.821461,"https://maps.googleapis.com/maps/api/staticmap?key=AIzaSyB67q8ThLbgVsPCbfRoWQSEusBjpnj8Bus&center=-6.164911,106.821461&zoom=15&size=560x130&maptype=roadmap&markers=|icon:https://s-light.tiket.photos/t/01E25EBZS3W0FY9GTG6C42E1SE/original/tix-hotel/static/2021/01/04/bdfe4915-e5ba-49b3-af26-d83965625530-1609757621407-783f2d783ff4034d48e4bd9f9ff91bff.png|-6.165911,106.821461",https://www.tiket.com/hotel/indonesia/stay-inn-hostel-jakarta-209001568715307737?checkin=2022-10-11&checkout=2022-10-12&room=1&adult=2&soldOut=false
371,https://s-light.tiket.photos/t/01E25EBZS3W0FY9GTG6C42E1SE/t_htl-dskt/tix-hotel/images-web/2021/03/12/c3883033-c692-4794-8963-db670e8fc6e8-1615564088515-e4f3b2b16b9a582e34ff65b33b78cbc2.jpg,RedDoorz near Kota Tua 2,Hotel,Tambora Jakarta Barat,Jl. Tiang Bendera I No.81b. RT.5/RW.3. Roa Malaka. Kec. Tambora. Kota Jakarta Barat. Daerah Khusus Ibukota Jakarta 11230. Indonesia,3.6,145589,279300,-6.133621,106.808409,"https://maps.googleapis.com/maps/api/staticmap?key=AIzaSyB67q8ThLbgVsPCbfRoWQSEusBjpnj8Bus&center=-6.132620999999999,106.808409&zoom=15&size=560x130&maptype=roadmap&markers=|icon:https://s-light.tiket.photos/t/01E25EBZS3W0FY9GTG6C42E1SE/original/tix-hotel/static/2021/01/04/bdfe4915-e5ba-49b3-af26-d83965625530-1609757621407-783f2d783ff4034d48e4bd9f9ff91bff.png|-6.133621,106.808409",https://www.tiket.com/hotel/indonesia/reddoorz-near-kota-tua-2-412001639108010495?checkin=2022-10-11&checkout=2022-10-12&room=1&adult=2&soldOut=false
372,https://s-light.tiket.photos/t/01E25EBZS3W0FY9GTG6C42E1SE/t_htl-dskt/tix-hotel/images-web/2021/04/16/2132e7fb-92a0-4776-9d24-79fed9b1a9df-1618572925722-39c444d51a40b9b8691beee9d74f6c32.jpg,Heritel Urban Hostel,Hostel,Taman Sari Jakarta Barat,Jl. Kunir No.37. RT.7/RW.7. Pinangsia. Kec. Taman Sari. Kota Jakarta Barat. Daerah Khusus Ibukota Jakarta 11110. Indonesia,4.1,300000,400000,-6.133468,106.814519,"https://maps.googleapis.com/maps/api/staticmap?key=AIzaSyB67q8ThLbgVsPCbfRoWQSEusBjpnj8Bus&center=-6.132467999999999,106.814519&zoom=15&size=560x130&maptype=roadmap&markers=|icon:https://s-light.tiket.photos/t/01E25EBZS3W0FY9GTG6C42E1SE/original/tix-hotel/static/2021/01/04/bdfe4915-e5ba-49b3-af26-d83965625530-1609757621407-783f2d783ff4034d48e4bd9f9ff91bff.png|-6.133468,106.814519",https://www.tiket.com/hotel/indonesia/heritel-urban-hostel-412001639107534903?checkin=2022-10-11&checkout=2022-10-12&room=1&adult=2&soldOut=false
373,https://s-light.tiket.photos/t/01E25EBZS3W0FY9GTG6C42E1SE/t_htl-dskt/tix-hotel/images-web/2022/09/10/b4574ef7-2e30-4d1a-ba25-ad94f7b926c7-1662809715395-8290e5ceadbdcad82b8d97d944f45307.jpg,Madu Inn Hotel,Hotel,Taman Sari Jakarta Barat,Jl. Madu No. 36 (Mangga Besar I) Jakarta Barat,3.8,245000,323000,-6.144152,106.819351,"https://maps.googleapis.com/maps/api/staticmap?key=AIzaSyB67q8ThLbgVsPCbfRoWQSEusBjpnj8Bus&center=-6.143152,106.819351&zoom=15&size=560x130&maptype=roadmap&markers=|icon:https://s-light.tiket.photos/t/01E25EBZS3W0FY9GTG6C42E1SE/original/tix-hotel/static/2021/01/04/bdfe4915-e5ba-49b3-af26-d83965625530-1609757621407-783f2d783ff4034d48e4bd9f9ff91bff.png|-6.144152,106.819351",https://www.tiket.com/hotel/indonesia/madu-inn-hotel-306001593161288663?checkin=2022-10-11&checkout=2022-10-12&room=1&adult=2&soldOut=false
374,https://s-light.tiket.photos/t/01E25EBZS3W0FY9GTG6C42E1SE/t_htl-dskt/tix-hotel/images-web/2021/07/07/fd075c81-5190-46d6-9632-fb4219846fb6-1625637915576-68b5a828576c02f17ddc7fd961bd242c.jpg,Grace Residences Glodok,Hotel,Tambora Jakarta Barat,Jl. Toko Tiga Seberang No.33. RT.13/RW.2. Glodok. Kec. Taman Sari. Kota Jakarta Barat. Daerah Khusus Ibukota Jakarta 11120,4.1,131305,156312,-6.141619,106.811137,"https://maps.googleapis.com/maps/api/staticmap?key=AIzaSyB67q8ThLbgVsPCbfRoWQSEusBjpnj8Bus&center=-6.140619,106.811137&zoom=15&size=560x130&maptype=roadmap&markers=|icon:https://s-light.tiket.photos/t/01E25EBZS3W0FY9GTG6C42E1SE/original/tix-hotel/static/2021/01/04/bdfe4915-e5ba-49b3-af26-d83965625530-1609757621407-783f2d783ff4034d48e4bd9f9ff91bff.png|-6.141619,106.811137",https://www.tiket.com/hotel/indonesia/grace-residences-glodok-412001639107477014?checkin=2022-10-11&checkout=2022-10-12&room=1&adult=2&soldOut=false
375,https://s-light.tiket.photos/t/01E25EBZS3W0FY9GTG6C42E1SE/t_htl-dskt/tix-hotel/images-web/2022/01/09/c44e0dd1-0d88-4481-bd0d-aab1f57dd3ac-1641738918329-c0ae65c17484bb753444b1e0db724f90.jpg,Senyaman Hotel RedPartner,Hotel,Tambora Jakarta Barat,Jl. Tiang Bendera I No.67. RT.5/RW.3. Roa Malaka. Kec. Tambora. Kota Jakarta Barat. Daerah Khusus Ibukota Jakarta 11230. Indonesia,5.0,171990,338918,-6.13409,106.808434,"https://maps.googleapis.com/maps/api/staticmap?key=AIzaSyB67q8ThLbgVsPCbfRoWQSEusBjpnj8Bus&center=-6.133089999999999,106.808434&zoom=15&size=560x130&maptype=roadmap&markers=|icon:https://s-light.tiket.photos/t/01E25EBZS3W0FY9GTG6C42E1SE/original/tix-hotel/static/2021/01/04/bdfe4915-e5ba-49b3-af26-d83965625530-1609757621407-783f2d783ff4034d48e4bd9f9ff91bff.png|-6.13409,106.808434",https://www.tiket.com/hotel/indonesia/senyaman-hotel-redpartner-502001644471936133?checkin=2022-10-11&checkout=2022-10-12&room=1&adult=2&soldOut=false
376,https://s-light.tiket.photos/t/01E25EBZS3W0FY9GTG6C42E1SE/t_htl-dskt/tix-hotel/images-web/2021/09/28/02ed2bcb-8948-4485-8a1f-8512a7a7230e-1632769518375-740df939b8194d7fae5ad256903cd06d.jpg,Hotel Mutiara Kota Tua,Hotel,Taman Sari Jakarta Barat,jl pintu besar selatan No.71-71A,4.0,177888,177888,-6.14063163420201,106.814256229003,"https://maps.googleapis.com/maps/api/staticmap?key=AIzaSyB67q8ThLbgVsPCbfRoWQSEusBjpnj8Bus&center=-6.13963163420201,106.814256229003&zoom=15&size=560x130&maptype=roadmap&markers=|icon:https://s-light.tiket.photos/t/01E25EBZS3W0FY9GTG6C42E1SE/original/tix-hotel/static/2021/01/04/bdfe4915-e5ba-49b3-af26-d83965625530-1609757621407-783f2d783ff4034d48e4bd9f9ff91bff.png|-6.14063163420201,106.814256229003",https://www.tiket.com/hotel/indonesia/hotel-mutiara-kota-tua-506001654224068491?checkin=2022-10-11&checkout=2022-10-12&room=1&adult=2&soldOut=false
377,https://s-light.tiket.photos/t/01E25EBZS3W0FY9GTG6C42E1SE/t_htl-dskt/tix-hotel/images-web/2021/03/18/6b818f83-404b-4904-aba7-3405124fd2d2-1616072566998-c4c47f102504d5254e71be433da1d99c.jpg,Nusalink Antoni Near Hayam Wuruk,Hotel,Taman Sari Jakarta Barat,Jl. Hayam Wuruk No.111 F-G. Jakarta Barat. Daerah Khusus Ibukota Jakarta. Indonesia,Belum ada rating,273999,466840,-6.150943,106.817602,"https://maps.googleapis.com/maps/api/staticmap?key=AIzaSyB67q8ThLbgVsPCbfRoWQSEusBjpnj8Bus&center=-6.1499429999999995,106.817602&zoom=15&size=560x130&maptype=roadmap&markers=|icon:https://s-light.tiket.photos/t/01E25EBZS3W0FY9GTG6C42E1SE/original/tix-hotel/static/2021/01/04/bdfe4915-e5ba-49b3-af26-d83965625530-1609757621407-783f2d783ff4034d48e4bd9f9ff91bff.png|-6.150943,106.817602",https://www.tiket.com/hotel/indonesia/nusalink-antoni-near-hayam-wuruk-412001639107843924?checkin=2022-10-11&checkout=2022-10-12&room=1&adult=2&soldOut=false
378,https://s-light.tiket.photos/t/01E25EBZS3W0FY9GTG6C42E1SE/t_htl-dskt/tix-hotel/images-web/2022/08/03/c3653c0d-e11a-4dea-b5d2-1f98f3907a80-1659498329239-f112c8bd60e5fcf72f8785ffb7a7ea43.jpg,Urbanview Hotel Casa Kota Mangga Besar,Hotel,Taman Sari Jakarta Barat,Jl. Mangga Besar 1. Mangga Besar. Kec. Taman Sari. Kota Jakarta Barat. Daerah Khusus Ibukota Jakarta 11180. Indonesia,4.5,187472,262080,-6.148673,106.818488,"https://maps.googleapis.com/maps/api/staticmap?key=AIzaSyB67q8ThLbgVsPCbfRoWQSEusBjpnj8Bus&center=-6.147672999999999,106.818488&zoom=15&size=560x130&maptype=roadmap&markers=|icon:https://s-light.tiket.photos/t/01E25EBZS3W0FY9GTG6C42E1SE/original/tix-hotel/static/2021/01/04/bdfe4915-e5ba-49b3-af26-d83965625530-1609757621407-783f2d783ff4034d48e4bd9f9ff91bff.png|-6.148673,106.818488",https://www.tiket.com/hotel/indonesia/urbanview-hotel-casa-kota-mangga-besar-509001662048999389?checkin=2022-10-11&checkout=2022-10-12&room=1&adult=2&soldOut=false
379,https://s-light.tiket.photos/t/01E25EBZS3W0FY9GTG6C42E1SE/t_htl-dskt/tix-hotel/images-web/2022/02/27/0d39e500-3431-413d-b4ff-edf0dea717a6-1645896060765-24805fa6ab552215ff9809a8984f89f0.jpg,New Purri Melati Hotel RedPartner,Hotel,Tambora Jakarta Barat,'Jalan tiang bendera 1 no.67' 'Jalan Tiang Bendera I. No.67. Roa Malaka. Kecamatan Tambora',Belum ada rating,131957,256838,-6.134160041809082,106.80815887451172,"https://maps.googleapis.com/maps/api/staticmap?key=AIzaSyB67q8ThLbgVsPCbfRoWQSEusBjpnj8Bus&center=-6.133160041809082,106.80815887451172&zoom=15&size=560x130&maptype=roadmap&markers=|icon:https://s-light.tiket.photos/t/01E25EBZS3W0FY9GTG6C42E1SE/original/tix-hotel/static/2021/01/04/bdfe4915-e5ba-49b3-af26-d83965625530-1609757621407-783f2d783ff4034d48e4bd9f9ff91bff.png|-6.134160041809082,106.80815887451172",https://www.tiket.com/hotel/indonesia/new-purri-melati-hotel-redpartner-506001654519267384?checkin=2022-10-11&checkout=2022-10-12&room=1&adult=2&soldOut=false
